F Behardien,CJ Jordan,4,0,3,0,0,1,0,0,3,3
DJ Hooda,MR Marsh,3,3,0,0,0,0,0,0,5,7
MP Stoinis,VR Aaron,1,0,1,0,0,0,0,0,2,4
RG Sharma,Imran Tahir,8,2,6,0,0,0,0,0,4,5
M Vijay,B Kumar,11,5,5,0,0,0,0,1,2,3
JC Buttler,RA Jadeja,3,0,1,1,0,1,0,0,2,2
BB McCullum,BB Sran,18,10,3,1,0,3,1,0,5,3
MP Stoinis,DS Kulkarni,7,3,3,0,0,1,0,0,2,3
CR Brathwaite,R Bhatia,1,0,1,0,0,0,0,0,1,2
F du Plessis,P Sahu,14,3,7,2,0,2,0,0,5,2
Bipul Sharma,M Morkel,5,2,1,0,0,0,2,0,1,2
JJ Bumrah,Sandeep Sharma,1,0,1,0,0,0,0,0,3,9
KK Nair,P Kumar,4,1,2,1,0,0,0,0,2,2
V Kohli,PP Chawla,21,3,11,5,0,1,1,0,4,2
AM Rahane,HH Pandya,4,2,0,0,0,0,2,0,5,5
AJ Finch,KH Pandya,12,6,5,1,0,0,0,0,5,5
MJ Guptill,B Kumar,5,3,0,1,0,0,0,1,7,3
WP Saha,JP Faulkner,14,4,7,2,0,1,0,0,4,8
KA Pollard,MR Marsh,3,2,1,0,0,0,0,0,2,7
BB McCullum,A Mishra,8,3,3,0,0,2,0,0,5,3
MC Henriques,M Morkel,6,5,1,0,0,0,0,0,7,2
P Negi,GB Hogg,5,3,1,0,0,0,0,1,7,5
BB McCullum,Shakib Al Hasan,1,0,0,0,0,1,0,0,5,9
DA Miller,UT Yadav,2,1,1,0,0,0,0,0,5,9
F du Plessis,STR Binny,1,0,0,1,0,0,0,0,5,4
M Vohra,PJ Sangwan,1,0,1,0,0,0,0,0,2,7
RV Uthappa,S Aravind,1,0,1,0,0,0,0,0,4,9
MP Stoinis,Iqbal Abdulla,2,1,1,0,0,0,0,0,2,5
V Kohli,Mohammed Shami,10,2,5,0,0,2,0,1,4,2
WP Saha,Z Khan,8,1,3,1,0,3,0,0,4,9
Q de Kock,KH Pandya,8,5,1,0,0,0,0,2,4,5
NLTC Perera,T Shamsi,2,1,0,0,0,0,1,0,2,9
PA Patel,P Kumar,5,3,0,0,0,2,0,0,7,2
KD Karthik,R Ashwin,7,0,5,1,0,1,0,0,2,2
PA Patel,AB Dinda,14,8,0,1,0,4,0,1,7,3
HM Amla,STR Binny,8,2,6,0,0,0,0,0,5,4
M Vohra,DJ Hooda,4,4,0,0,0,0,0,0,2,3
KD Karthik,Shakib Al Hasan,1,0,1,0,0,0,0,0,2,9
DJ Hooda,SR Watson,3,1,1,0,0,0,0,1,5,9
M Vohra,R Ashwin,3,0,3,0,0,0,0,0,2,2
SS Iyer,MG Johnson,3,1,2,0,0,0,0,0,9,2
F du Plessis,RA Jadeja,6,1,3,1,0,0,1,0,5,2
RR Pant,S Aravind,2,1,0,0,0,0,0,1,4,9
HH Pandya,Iqbal Abdulla,1,0,1,0,0,0,0,0,3,5
MK Pandey,GJ Maxwell,1,0,1,0,0,0,0,0,2,6
YK Pathan,T Shamsi,8,3,3,0,0,1,1,0,4,9
Yuvraj Singh,A Mishra,7,4,1,0,0,0,1,1,4,3
TG Southee,MM Sharma,3,2,0,0,0,0,0,1,4,2
KP Pietersen,AR Patel,4,1,1,0,0,2,0,0,2,3
MK Pandey,YS Chahal,11,7,2,1,0,0,1,0,2,9
Parvez Rasool,Mustafizur Rahman,2,0,2,0,0,0,0,0,7,2
P Kumar,Mustafizur Rahman,2,1,1,0,0,0,0,0,7,2
PA Patel,MM Sharma,11,3,4,1,0,3,0,0,7,2
KC Cariappa,YS Chahal,1,1,0,0,0,0,0,0,2,9
KK Nair,DL Chahar,3,1,0,1,0,1,0,0,2,6
RG Sharma,JW Hastings,11,4,4,0,0,3,0,0,4,5
MP Stoinis,S Nadeem,13,6,5,0,0,1,1,0,2,9
MC Henriques,R Ashwin,3,2,1,0,0,0,0,0,7,2
TM Head,KH Pandya,4,1,3,0,0,0,0,0,4,5
DJ Bravo,MC Henriques,7,4,2,1,0,0,0,0,5,2
JJ Bumrah,BB Sran,9,6,1,0,0,1,0,1,3,3
DA Miller,B Kumar,6,1,2,1,0,1,1,0,5,3
DJ Bravo,B Kumar,4,2,0,1,0,0,0,1,5,3
Q de Kock,MM Sharma,9,4,4,0,0,1,0,0,4,2
RG Sharma,Bipul Sharma,2,1,0,0,0,0,0,1,4,3
IK Pathan,AR Patel,1,0,1,0,0,0,0,0,3,3
M Vijay,MJ McClenaghan,20,10,4,1,0,5,0,0,2,2
RA Jadeja,A Mishra,2,0,2,0,0,0,0,0,7,3
DA Warner,PJ Sangwan,7,3,1,1,0,0,2,0,5,7
UT Yadav,NLTC Perera,1,0,0,0,0,0,1,0,6,2
SK Raina,AS Rajpoot,12,5,3,1,0,3,0,0,4,3
R Vinay Kumar,MR Marsh,5,2,1,1,0,0,1,0,7,7
V Kohli,S Kaushik,14,4,3,1,0,2,4,0,4,9
SK Raina,Mohammed Shami,3,2,0,0,0,0,1,0,4,2
Bipul Sharma,DJ Bravo,2,0,1,0,0,0,1,0,1,3
V Kohli,DJ Bravo,26,4,10,5,1,4,2,0,4,3
AB de Villiers,MJ McClenaghan,6,2,3,0,0,1,0,0,1,2
DA Warner,S Aravind,8,2,2,0,0,3,0,1,5,9
JC Buttler,A Mishra,3,2,0,0,0,0,0,1,2,3
CA Lynn,S Aravind,4,3,1,0,0,0,0,0,5,9
YK Pathan,JJ Bumrah,4,0,3,0,0,0,0,1,4,5
KK Nair,JW Hastings,6,5,0,0,0,0,0,1,2,5
JP Faulkner,KC Cariappa,3,0,2,1,0,0,0,0,2,5
AB de Villiers,CH Morris,11,7,0,1,0,3,0,0,1,3
Shakib Al Hasan,HH Pandya,4,1,1,0,0,1,0,1,4,5
CH Morris,RA Jadeja,2,0,2,0,0,0,0,0,1,2
P Negi,JW Hastings,3,3,0,0,0,0,0,0,7,5
SPD Smith,KJ Abbott,6,1,1,1,0,3,0,0,4,8
SP Narine,DJ Bravo,3,1,2,0,0,0,0,0,9,3
C Munro,B Kumar,4,1,2,1,0,0,0,0,3,3
DR Smith,M Morkel,2,0,1,0,0,1,0,0,5,2
MS Dhoni,BB Sran,6,3,2,0,0,0,1,0,2,3
SA Yadav,RA Jadeja,4,1,3,0,0,0,0,0,4,2
DJ Bravo,YS Chahal,5,1,3,0,0,0,0,1,5,9
SK Raina,Bipul Sharma,4,0,3,0,0,1,0,0,4,3
SW Billings,MM Sharma,1,0,1,0,0,0,0,0,4,2
DR Smith,SR Watson,7,3,4,0,0,0,0,0,5,9
MJ Guptill,Imran Tahir,9,1,5,0,0,1,2,0,7,5
KL Rahul,KH Pandya,12,5,6,0,1,0,0,0,2,5
GJ Bailey,AS Rajpoot,7,1,4,1,0,1,0,0,3,3
JC Buttler,VR Aaron,9,2,4,1,0,1,1,0,2,4
F du Plessis,JP Faulkner,6,2,2,2,0,0,0,0,5,8
DA Warner,UT Yadav,6,2,1,1,0,1,0,1,5,9
RR Pant,BB Sran,3,1,2,0,0,0,0,0,4,3
UBT Chand,Sandeep Sharma,1,1,0,0,0,0,0,0,8,9
SR Watson,SP Narine,4,1,1,0,0,1,1,0,4,9
DJ Hooda,M Morkel,2,0,2,0,0,0,0,0,5,2
S Dhawan,A Mishra,6,1,4,0,0,0,0,1,4,3
MM Sharma,Z Khan,2,1,0,0,0,0,0,1,7,9
BB McCullum,Iqbal Abdulla,6,1,4,0,0,0,0,1,5,5
S Dhawan,M Ashwin,4,1,2,1,0,0,0,0,4,2
RV Uthappa,CR Brathwaite,15,2,11,1,0,1,0,0,4,3
MR Marsh,RA Jadeja,7,4,1,1,0,0,0,1,9,2
N Rana,RA Jadeja,3,0,2,0,0,0,1,0,2,2
DR Smith,Imran Tahir,6,2,3,0,0,0,0,1,5,5
SR Watson,RA Jadeja,4,2,1,0,0,0,0,1,4,2
Gurkeerat Singh,DL Chahar,4,2,1,0,0,1,0,0,5,6
SS Tiwary,Parvez Rasool,8,1,3,1,0,3,0,0,4,4
RG Sharma,MM Sharma,5,3,2,0,0,0,0,0,4,2
SR Watson,KV Sharma,7,4,0,0,0,0,3,0,4,7
KA Pollard,Shakib Al Hasan,5,2,1,0,0,2,0,0,2,9
SN Khan,JJ Bumrah,9,4,2,0,0,1,1,1,6,5
DJ Bravo,AB Dinda,6,3,0,1,0,1,0,1,5,3
SK Raina,M Morkel,14,4,8,0,0,1,1,0,4,2
AB de Villiers,B Kumar,9,4,3,0,0,1,1,0,1,3
STR Binny,DS Kulkarni,5,1,3,1,0,0,0,0,4,3
JP Duminy,KV Sharma,5,1,1,2,0,1,0,0,2,7
RG Sharma,Iqbal Abdulla,12,3,6,0,0,1,1,1,4,5
SW Billings,R Bhatia,8,3,3,1,0,0,0,1,4,2
Sandeep Sharma,CH Gayle,3,0,3,0,0,0,0,0,9,3
AM Rahane,R Vinay Kumar,4,1,1,1,0,1,0,0,5,2
CR Brathwaite,BB Sran,1,0,1,0,0,0,0,0,1,3
P Kumar,MP Stoinis,3,0,2,0,0,1,0,0,7,2
AM Rahane,Shakib Al Hasan,9,3,5,0,0,1,0,0,5,9
AB de Villiers,A Zampa,4,2,1,0,0,0,0,1,1,10
AM Rahane,DS Kulkarni,14,5,6,1,0,2,0,0,5,3
KD Karthik,MJ McClenaghan,2,2,0,0,0,0,0,0,2,2
AM Rahane,YS Chahal,9,3,4,0,1,1,0,0,5,9
NV Ojha,AB Dinda,6,2,1,1,0,1,0,1,7,3
AJ Finch,M Ashwin,10,5,0,0,0,4,0,1,5,2
S Gopal,M Ashwin,5,3,1,0,0,0,0,1,8,2
JC Buttler,CH Morris,10,4,3,0,0,2,1,0,2,3
M Vijay,S Aravind,5,3,0,0,0,0,1,1,2,9
Gurkeerat Singh,A Nehra,3,0,1,1,0,1,0,0,5,3
G Gambhir,Z Khan,18,8,5,2,0,2,0,1,5,9
DJ Bravo,R Ashwin,1,1,0,0,0,0,0,0,5,2
GJ Bailey,PP Chawla,3,1,0,0,1,0,0,1,3,2
KK Nair,Harbhajan Singh,10,4,2,0,0,2,0,2,2,5
M Vijay,RA Jadeja,10,2,6,1,0,0,0,1,2,2
HH Pandya,KW Richardson,2,1,1,0,0,0,0,0,3,7
S Dhawan,KA Pollard,5,1,3,0,0,1,0,0,4,6
Sachin Baby,JJ Bumrah,3,1,2,0,0,0,0,0,4,5
BB Sran,NM Coulter-Nile,1,0,1,0,0,0,0,0,3,2
SN Khan,MJ McClenaghan,5,2,1,0,0,1,1,0,6,2
AJ Finch,RP Singh,5,3,2,0,0,0,0,0,5,2
KP Pietersen,Sandeep Sharma,5,2,2,1,0,0,0,0,2,9
Q de Kock,AD Russell,8,4,1,1,0,0,0,2,4,3
KH Pandya,KC Cariappa,3,1,1,0,1,0,0,0,1,5
NLTC Perera,R Dhawan,2,0,2,0,0,0,0,0,2,2
Ishan Kishan,MP Stoinis,8,3,4,0,0,0,0,1,3,2
AD Nath,TG Southee,4,1,1,1,0,1,0,0,3,9
KS Williamson,CH Morris,8,3,3,0,0,1,0,1,7,3
JC Buttler,CJ Jordan,4,0,2,0,0,0,2,0,2,3
BB McCullum,AD Russell,5,4,1,0,0,0,0,0,5,3
SW Billings,R Ashwin,5,1,2,0,0,0,2,0,4,2
Z Khan,JW Hastings,4,2,0,0,0,1,0,1,9,5
N Rana,SB Jakati,11,3,4,0,0,3,1,0,2,4
AM Rahane,JJ Bumrah,7,3,1,1,0,2,0,0,5,5
KW Richardson,JJ Bumrah,1,0,1,0,0,0,0,0,7,5
DA Warner,MJ McClenaghan,25,11,6,1,0,4,3,0,5,2
RA Jadeja,RP Singh,1,1,0,0,0,0,0,0,7,2
MS Dhoni,Iqbal Abdulla,9,0,8,1,0,0,0,0,2,5
KA Pollard,DJ Bravo,3,3,0,0,0,0,0,0,2,3
EJG Morgan,MJ McClenaghan,2,1,1,0,0,0,0,0,5,2
KA Pollard,MM Sharma,7,3,0,3,0,0,0,1,2,2
DA Warner,DR Smith,7,1,3,0,0,2,1,0,5,3
SV Samson,KC Cariappa,7,1,4,0,0,1,1,0,4,5
MK Pandey,MJ McClenaghan,7,3,3,0,0,1,0,0,2,2
NLTC Perera,HV Patel,6,0,2,0,0,3,1,0,2,8
CH Morris,MJ McClenaghan,5,2,1,0,0,2,0,0,1,2
SE Marsh,RA Jadeja,1,1,0,0,0,0,0,0,4,2
S Dhawan,CH Gayle,14,8,4,0,0,2,0,0,4,3
CH Gayle,MM Sharma,4,2,1,0,0,1,0,0,5,2
N Rana,DR Smith,10,3,5,0,0,1,1,0,2,3
M Vohra,BB Sran,11,5,1,2,0,2,1,0,2,3
CH Morris,Iqbal Abdulla,3,0,2,0,0,1,0,0,1,5
KS Williamson,R Ashwin,13,8,4,0,0,1,0,0,7,2
N Rana,MM Sharma,4,3,0,0,0,0,1,0,2,2
AT Rayudu,A Nehra,3,1,1,0,0,0,0,1,5,3
SV Samson,SP Narine,4,2,1,0,0,0,0,1,4,9
TM Head,R Ashwin,2,1,1,0,0,0,0,0,4,2
AR Patel,JJ Bumrah,1,1,0,0,0,0,0,0,5,5
V Kohli,A Mishra,16,3,10,0,0,2,1,0,4,3
GJ Bailey,A Nehra,7,5,1,0,0,1,0,0,3,3
SV Samson,HH Pandya,3,0,2,0,0,1,0,0,4,5
SK Raina,JP Duminy,3,1,1,1,0,0,0,0,4,5
DJ Bravo,SR Watson,4,1,1,0,0,1,0,1,5,9
RG Sharma,RP Singh,4,1,1,1,0,1,0,0,4,2
SS Iyer,HH Pandya,4,2,1,0,0,0,0,1,9,5
UT Khawaja,B Kumar,3,1,2,0,0,0,0,0,4,3
R Bhatia,HV Patel,3,0,2,0,0,0,1,0,6,8
MJ Guptill,A Mishra,9,4,4,0,0,1,0,0,7,3
KL Rahul,MJ McClenaghan,24,13,2,1,0,3,4,1,2,2
V Kohli,TG Southee,17,9,5,1,0,1,1,0,4,9
PA Patel,MG Johnson,17,7,2,1,0,6,0,1,7,2
RG Sharma,JD Unadkat,8,3,3,0,0,0,2,0,4,6
KH Pandya,CH Morris,3,1,0,1,0,0,0,1,1,3
DJ Bravo,KH Pandya,4,2,2,0,0,0,0,0,5,5
MC Henriques,DS Kulkarni,6,2,2,0,0,2,0,0,7,3
V Kohli,Mustafizur Rahman,20,10,4,2,0,2,1,1,4,2
KL Rahul,KC Cariappa,3,1,1,0,0,0,0,1,2,5
DA Miller,DJ Bravo,13,3,7,1,0,1,0,1,5,3
KK Nair,AD Russell,15,7,3,3,0,2,0,0,2,3
PSP Handscomb,JJ Bumrah,4,3,1,0,0,0,0,0,9,5
F du Plessis,JJ Bumrah,12,7,2,0,0,1,2,0,5,5
JC Buttler,DJ Bravo,7,3,2,1,0,0,0,1,2,3
S Dhawan,CH Morris,8,4,3,1,0,0,0,0,4,3
AJ Finch,CJ Jordan,7,4,3,0,0,0,0,0,5,3
DA Miller,JP Faulkner,5,0,3,1,0,1,0,0,5,8
MS Dhoni,MM Sharma,10,3,3,1,0,2,0,1,2,2
DJ Bravo,A Nehra,4,1,1,1,0,1,0,0,5,3
CH Morris,MM Sharma,4,2,1,1,0,0,0,0,1,2
MC Henriques,MM Sharma,2,1,0,0,0,0,0,1,7,2
DJ Hooda,MP Stoinis,4,0,2,0,0,2,0,0,5,2
AT Rayudu,SM Boland,4,0,2,1,0,1,0,0,5,9
Sachin Baby,MJ McClenaghan,2,0,2,0,0,0,0,0,4,2
CH Morris,PP Chawla,6,3,1,0,0,1,0,1,1,2
AD Nath,Mustafizur Rahman,6,4,1,1,0,0,0,0,3,2
RV Uthappa,R Ashwin,3,1,0,0,0,1,0,1,4,2
CH Morris,R Ashwin,9,4,4,0,0,1,0,0,1,2
RA Jadeja,Mohammed Shami,10,4,3,0,0,1,1,1,7,2
MS Dhoni,A Mishra,3,0,3,0,0,0,0,0,2,3
GJ Maxwell,M Ashwin,4,0,2,0,0,1,1,0,5,2
Q de Kock,UT Yadav,6,4,0,0,0,1,1,0,4,9
DA Miller,AD Russell,4,3,0,0,0,0,0,1,5,3
M Vohra,TG Southee,5,3,2,0,0,0,0,0,2,9
KS Williamson,Shakib Al Hasan,3,0,2,1,0,0,0,0,7,9
Q de Kock,S Aravind,26,7,12,1,0,5,1,0,4,9
SE Marsh,UT Yadav,5,0,4,0,0,0,0,1,4,9
KA Pollard,A Nehra,3,3,0,0,0,0,0,0,2,3
SS Tiwary,A Mishra,9,4,3,0,0,1,1,0,4,3
SS Tiwary,Harbhajan Singh,12,2,8,1,0,1,0,0,4,5
KA Pollard,AD Russell,2,1,1,0,0,0,0,0,2,3
TG Southee,MP Stoinis,1,0,1,0,0,0,0,0,4,2
AM Rahane,DJ Bravo,7,1,2,3,0,1,0,0,5,3
Ishan Kishan,NLTC Perera,2,1,0,0,0,0,0,1,3,2
Q de Kock,KC Cariappa,9,4,2,0,1,2,0,0,4,5
V Kohli,NLTC Perera,24,8,9,1,0,3,2,1,4,2
AM Rahane,Parvez Rasool,5,0,4,0,0,1,0,0,5,4
Ishan Kishan,S Nadeem,2,1,1,0,0,0,0,0,3,9
RA Jadeja,BB Sran,9,1,6,2,0,0,0,0,7,3
IK Pathan,R Dhawan,2,1,0,0,0,0,0,1,3,2
DS Kulkarni,B Kumar,2,1,0,0,1,0,0,0,1,3
KK Nair,A Nehra,1,0,1,0,0,0,0,0,2,3
MS Dhoni,T Shamsi,11,1,6,2,0,2,0,0,2,9
RR Pant,R Ashwin,4,3,1,0,0,0,0,0,4,2
DS Kulkarni,Sandeep Sharma,4,1,0,3,0,0,0,0,1,9
M Vohra,Z Khan,7,6,1,0,0,0,0,0,2,9
M Vijay,M Ashwin,8,1,5,0,0,0,1,1,2,2
KD Karthik,DJ Hooda,4,1,1,0,0,1,0,1,2,3
SE Marsh,KA Pollard,3,0,2,1,0,0,0,0,4,6
KK Nair,Parvez Rasool,1,0,1,0,0,0,0,0,2,4
KS Williamson,P Kumar,5,3,1,0,0,0,0,1,7,2
AR Patel,CH Morris,5,1,2,1,0,0,1,0,5,3
M Vohra,M Ashwin,8,2,4,1,0,1,0,0,2,2
DA Warner,Harbhajan Singh,32,15,7,3,0,5,1,1,5,5
SA Yadav,T Shamsi,3,1,1,0,0,1,0,0,4,9
EJG Morgan,AD Russell,5,3,1,1,0,0,0,0,5,3
MC Henriques,KW Richardson,4,1,1,0,0,0,2,0,7,7
JP Faulkner,CH Morris,13,1,5,4,0,2,0,1,2,3
KL Rahul,AB Dinda,10,2,4,3,0,1,0,0,2,3
SN Khan,KH Pandya,4,1,2,1,0,0,0,0,6,5
AT Rayudu,SB Jakati,1,0,1,0,0,0,0,0,5,4
Q de Kock,MG Johnson,11,3,4,0,0,3,1,0,4,2
BB McCullum,AB Dinda,4,2,2,0,0,0,0,0,5,3
UT Khawaja,Z Khan,10,5,2,0,0,3,0,0,4,9
BB McCullum,DJ Hooda,2,1,1,0,0,0,0,0,5,3
AM Rahane,PP Chawla,9,2,4,0,1,1,1,0,5,2
AB de Villiers,MC Henriques,18,0,12,1,0,3,2,0,1,2
SV Samson,P Sahu,6,2,2,1,0,0,1,0,4,2
MK Pandey,P Kumar,3,2,0,0,0,0,0,1,2,2
NS Naik,B Kumar,5,2,3,0,0,0,0,0,9,3
DA Miller,JJ Bumrah,7,1,2,3,0,0,1,0,5,5
MK Pandey,Harbhajan Singh,8,3,3,0,0,0,1,1,2,5
Yuvraj Singh,J Yadav,4,0,2,1,0,1,0,0,4,5
KS Williamson,Mohammed Shami,6,2,3,0,0,1,0,0,7,2
SA Yadav,DR Smith,7,5,0,1,0,0,0,1,4,3
SR Watson,AD Russell,5,1,1,0,0,3,0,0,4,3
DA Warner,YK Pathan,14,6,7,1,0,0,0,0,5,9
EJG Morgan,TG Southee,6,3,1,1,0,0,0,1,5,9
SR Watson,Mohammed Shami,6,2,2,0,0,0,1,1,4,2
M Vijay,NLTC Perera,4,1,2,0,0,1,0,0,2,2
WP Saha,MC Henriques,4,1,2,0,0,0,0,1,4,2
BCJ Cutting,MM Sharma,3,1,1,0,0,0,1,0,1,2
M Vijay,S Nadeem,4,0,2,1,0,1,0,0,2,9
SS Tiwary,CR Brathwaite,2,0,2,0,0,0,0,0,4,3
SE Marsh,P Negi,3,2,0,0,0,1,0,0,4,4
Yuvraj Singh,PJ Sangwan,1,0,1,0,0,0,0,0,4,7
Yuvraj Singh,A Zampa,3,2,0,0,0,0,0,1,4,10
AD Russell,MM Sharma,4,1,2,0,0,0,1,0,1,2
GJ Bailey,A Mishra,3,1,2,0,0,0,0,0,3,3
JC Buttler,I Sharma,1,1,0,0,0,0,0,0,2,5
BB McCullum,S Nadeem,11,3,6,0,0,2,0,0,5,9
MS Dhoni,P Kumar,2,0,1,0,0,1,0,0,2,2
P Kumar,B Kumar,3,0,2,0,0,1,0,0,7,3
Shakib Al Hasan,BB Sran,3,0,3,0,0,0,0,0,4,3
P Negi,AB Dinda,6,2,1,1,0,1,1,0,7,3
MC Henriques,JO Holder,5,0,4,0,0,1,0,0,7,5
SE Marsh,S Kaushik,3,1,1,0,0,0,0,1,4,9
DJ Hooda,SP Narine,4,0,3,0,0,0,1,0,5,9
DJ Hooda,Mohammed Shami,2,0,2,0,0,0,0,0,5,2
YK Pathan,MC Henriques,10,2,5,2,0,0,0,1,4,2
RR Pant,A Zampa,5,2,1,1,0,0,0,1,4,10
Ishan Kishan,Mohammed Shami,2,0,2,0,0,0,0,0,3,2
WP Saha,SR Watson,1,0,1,0,0,0,0,0,4,9
SW Billings,Iqbal Abdulla,3,2,1,0,0,0,0,0,4,5
TM Head,MJ McClenaghan,7,1,1,3,0,1,1,0,4,2
MC Henriques,JJ Bumrah,6,2,4,0,0,0,0,0,7,5
MJ McClenaghan,Kuldeep Yadav,5,2,1,0,0,0,1,1,2,7
KD Karthik,TA Boult,4,3,0,0,0,1,0,0,2,9
CH Morris,UT Yadav,3,2,0,0,0,0,0,1,1,9
CA Lynn,JJ Bumrah,6,2,1,3,0,0,0,0,5,5
KL Rahul,P Negi,6,2,4,0,0,0,0,0,2,4
KK Nair,MC Henriques,12,4,5,0,0,1,1,1,2,2
RR Pant,DJ Hooda,3,0,2,1,0,0,0,0,4,3
Bipul Sharma,NLTC Perera,3,1,1,1,0,0,0,0,1,2
JC Buttler,MR Marsh,2,1,0,0,0,0,0,1,2,7
MC Henriques,NLTC Perera,3,0,1,1,0,1,0,0,7,2
Harbhajan Singh,JP Faulkner,3,1,2,0,0,0,0,0,5,8
RV Uthappa,A Mishra,24,10,8,1,0,2,2,1,4,3
JP Duminy,SM Boland,4,1,2,0,0,0,0,1,2,9
DA Warner,AF Milne,7,1,3,0,0,2,1,0,5,3
MS Dhoni,A Nehra,8,2,3,0,0,0,1,2,2,3
HH Pandya,MC Henriques,7,3,4,0,0,0,0,0,3,2
S Kaushik,Sachin Baby,2,1,0,0,0,0,0,1,8,1
MP Stoinis,YS Chahal,2,0,2,0,0,0,0,0,2,9
KD Karthik,AS Rajpoot,2,1,1,0,0,0,0,0,2,3
AM Rahane,STR Binny,17,6,6,0,0,5,0,0,5,4
AJ Finch,MJ McClenaghan,8,2,4,1,0,1,0,0,5,2
RA Jadeja,GB Hogg,3,2,1,0,0,0,0,0,7,5
S Dhawan,J Yadav,11,5,5,1,0,0,0,0,4,5
HH Pandya,A Nehra,3,2,1,0,0,0,0,0,3,3
CA Lynn,MJ McClenaghan,2,1,1,0,0,0,0,0,5,2
Sachin Baby,B Kumar,9,1,4,1,0,2,0,1,4,3
PSP Handscomb,TG Southee,4,2,2,0,0,0,0,0,9,9
SS Iyer,AD Russell,6,4,0,0,0,0,0,2,9,3
DA Miller,SP Narine,1,0,1,0,0,0,0,0,5,9
Sachin Baby,Mustafizur Rahman,8,0,3,2,0,1,2,0,4,2
CA Lynn,TG Southee,2,1,0,1,0,0,0,0,5,9
KS Williamson,T Shamsi,6,0,5,0,0,1,0,0,7,9
DA Warner,A Mishra,11,2,6,1,0,1,0,1,5,3
DR Smith,M Ashwin,3,2,1,0,0,0,0,0,5,2
AB de Villiers,KJ Abbott,3,2,0,0,0,0,0,1,1,8
M Vijay,I Sharma,11,7,2,0,0,1,1,0,2,5
M Vijay,A Zampa,14,3,8,0,0,1,2,0,2,10
HM Amla,AB Dinda,4,2,2,0,0,0,0,0,5,3
NV Ojha,Z Khan,7,2,3,1,0,0,1,0,7,9
SV Samson,MJ McClenaghan,6,3,1,0,0,0,1,1,4,2
DJ Hooda,DJ Bravo,7,2,2,1,0,0,0,2,5,3
EJG Morgan,HH Pandya,3,1,2,0,0,0,0,0,5,5
SR Watson,RP Singh,2,1,0,0,0,0,0,1,4,2
BCJ Cutting,DJ Bravo,5,2,1,1,0,1,0,0,1,3
V Kohli,MC Henriques,21,6,8,2,1,2,2,0,4,2
KK Nair,Sandeep Sharma,2,1,1,0,0,0,0,0,2,9
V Kohli,R Ashwin,16,7,8,0,0,1,0,0,4,2
V Kohli,P Negi,17,1,13,1,0,1,1,0,4,4
Sachin Baby,BCJ Cutting,2,1,1,0,0,0,0,0,4,3
KA Pollard,CJ Jordan,2,0,2,0,0,0,0,0,2,3
Shakib Al Hasan,DJ Bravo,15,4,6,1,0,0,4,0,4,3
HH Pandya,Kuldeep Yadav,6,2,2,2,0,0,0,0,3,7
Q de Kock,MJ McClenaghan,9,6,1,0,0,0,1,1,4,2
V Kohli,HH Pandya,3,2,1,0,0,0,0,0,4,5
DR Smith,Sandeep Sharma,7,5,0,0,0,1,1,0,5,9
RA Jadeja,Gurkeerat Singh,5,2,1,1,1,0,0,0,7,6
SV Samson,A Zampa,3,1,1,0,0,0,0,1,4,10
WP Saha,VR Aaron,4,0,3,0,0,1,0,0,4,4
AR Patel,UT Yadav,5,1,2,1,0,0,0,1,5,9
UT Yadav,JA Morkel,2,1,1,0,0,0,0,0,6,5
NLTC Perera,B Kumar,4,1,2,0,0,0,1,0,2,3
KM Jadhav,BB Sran,1,0,0,1,0,0,0,0,2,3
SN Khan,B Kumar,5,0,0,0,0,4,1,0,6,3
SS Tiwary,VR Aaron,6,2,3,0,0,1,0,0,4,4
V Kohli,AS Rajpoot,7,1,4,1,0,1,0,0,4,3
SV Samson,PP Chawla,1,0,1,0,0,0,0,0,4,2
MJ Guptill,DR Smith,4,2,0,0,0,1,0,1,7,3
AB de Villiers,DJ Bravo,19,4,9,1,0,3,2,0,1,3
BB McCullum,R Ashwin,10,4,2,1,1,1,1,0,5,2
JP Faulkner,MJ McClenaghan,4,2,1,0,0,0,0,1,2,2
RG Sharma,HV Patel,8,3,3,1,0,0,1,0,4,8
GJ Maxwell,Z Khan,1,0,1,0,0,0,0,0,5,9
GJ Maxwell,RA Jadeja,1,0,1,0,0,0,0,0,5,2
DA Warner,DW Steyn,9,3,1,3,0,2,0,0,5,6
V Kohli,UT Yadav,6,1,4,0,0,1,0,0,4,9
JC Buttler,Kuldeep Yadav,3,1,1,0,0,1,0,0,2,7
RV Uthappa,JJ Bumrah,8,4,2,1,0,0,1,0,4,5
AB de Villiers,R Bhatia,11,0,8,2,0,1,0,0,1,2
HM Amla,B Kumar,10,4,3,0,0,2,0,1,5,3
S Dhawan,JP Duminy,5,2,0,1,0,2,0,0,4,5
RG Sharma,R Bhatia,11,2,7,1,0,0,1,0,4,2
AJ Finch,PP Chawla,5,1,1,0,0,2,1,0,5,2
Shakib Al Hasan,R Ashwin,4,2,2,0,0,0,0,0,4,2
PV Tambe,CH Gayle,6,6,0,0,0,0,0,0,9,3
V Kohli,BB Sran,5,1,0,2,0,0,1,1,4,3
YK Pathan,S Aravind,3,1,2,0,0,0,0,0,4,9
MC Henriques,Iqbal Abdulla,2,0,2,0,0,0,0,0,7,5
DR Smith,Shakib Al Hasan,9,4,1,0,0,2,1,1,5,9
KD Karthik,MC Henriques,10,6,3,0,0,1,0,0,2,2
NLTC Perera,AR Patel,1,0,1,0,0,0,0,0,2,3
RA Jadeja,BCJ Cutting,1,0,1,0,0,0,0,0,7,3
KS Williamson,RP Singh,4,2,2,0,0,0,0,0,7,2
KK Nair,AR Patel,11,4,5,2,0,0,0,0,2,3
S Dhawan,M Morkel,12,7,0,0,0,3,0,2,4,2
KV Sharma,SR Watson,6,3,1,1,0,1,0,0,7,9
MS Dhoni,RA Jadeja,11,6,2,1,0,0,2,0,2,2
DA Warner,M Morkel,12,8,1,1,0,2,0,0,5,2
Yuvraj Singh,NLTC Perera,4,0,2,0,0,1,1,0,4,2
CA Lynn,SR Watson,3,0,2,1,0,0,0,0,5,9
Ishan Kishan,AR Patel,5,0,2,2,0,1,0,0,3,3
STR Binny,Z Khan,3,2,0,0,0,1,0,0,4,9
AT Rayudu,CH Morris,5,4,1,0,0,0,0,0,5,3
BB McCullum,NLTC Perera,4,1,1,0,0,2,0,0,5,2
KL Rahul,CH Morris,7,2,1,0,1,2,1,0,2,3
BB McCullum,S Aravind,9,6,2,0,0,1,0,0,5,9
EJG Morgan,Parvez Rasool,3,0,3,0,0,0,0,0,5,4
AJ Finch,Sachin Baby,4,2,0,0,0,1,0,1,5,1
SPD Smith,MC Henriques,4,1,2,1,0,0,0,0,4,2
M Vohra,Mustafizur Rahman,6,5,0,0,0,0,0,1,2,2
WP Saha,Mohammed Shami,4,1,1,0,0,1,0,1,4,2
SK Raina,MM Sharma,9,3,3,0,0,1,1,1,4,2
KP Pietersen,S Gopal,5,2,2,1,0,0,0,0,2,1
G Gambhir,AR Patel,11,4,6,1,0,0,0,0,5,3
SW Billings,MP Stoinis,5,3,1,0,0,0,0,1,4,2
MK Pandey,P Sahu,6,1,5,0,0,0,0,0,2,2
SR Watson,B Kumar,1,0,1,0,0,0,0,0,4,3
JP Faulkner,Imran Tahir,1,0,1,0,0,0,0,0,2,5
BB McCullum,Sandeep Sharma,3,2,0,0,0,0,0,1,5,9
DA Warner,HH Pandya,8,1,4,1,1,1,0,0,5,5
KK Nair,MP Stoinis,3,1,1,0,0,1,0,0,2,2
WP Saha,JJ Bumrah,5,0,4,0,0,1,0,0,4,5
WP Saha,CR Brathwaite,7,1,5,0,0,0,0,1,4,3
KD Karthik,T Shamsi,11,6,3,2,0,0,0,0,2,9
DJ Bravo,BB Sran,6,2,2,0,0,0,0,2,5,3
RV Uthappa,AR Patel,17,5,6,4,0,1,1,0,4,3
B Kumar,A Zampa,3,1,1,0,0,0,0,1,1,10
M Vijay,M Morkel,18,11,3,0,0,3,0,1,2,2
MK Pandey,DJ Hooda,2,0,2,0,0,0,0,0,2,3
AB de Villiers,S Kaushik,5,1,2,0,0,1,1,0,1,9
M Vohra,MJ McClenaghan,3,0,3,0,0,0,0,0,2,2
MP Stoinis,Z Khan,7,2,2,2,0,0,0,1,2,9
SK Raina,AR Patel,4,2,1,0,0,1,0,0,4,3
G Gambhir,MP Stoinis,11,4,4,0,0,3,0,0,5,2
JA Morkel,SP Narine,3,0,1,0,0,0,2,0,1,9
DA Miller,IK Pathan,2,0,2,0,0,0,0,0,5,6
SV Samson,NLTC Perera,9,3,4,0,0,2,0,0,4,2
S Dhawan,DS Kulkarni,13,5,4,1,0,2,0,1,4,3
KL Rahul,R Bhatia,4,1,3,0,0,0,0,0,2,2
PA Patel,GB Hogg,9,6,1,0,0,1,0,1,7,5
KL Rahul,AD Russell,9,4,4,1,0,0,0,0,2,3
V Kohli,P Kumar,22,8,5,2,0,4,2,1,4,2
RR Pant,Sandeep Sharma,1,0,0,0,0,1,0,0,4,9
MJ McClenaghan,I Sharma,2,0,2,0,0,0,0,0,2,5
GJ Maxwell,A Mishra,13,6,2,3,0,0,1,1,5,3
KV Sharma,AS Rajpoot,3,0,3,0,0,0,0,0,7,3
C Munro,HH Pandya,3,1,1,1,0,0,0,0,3,5
MS Dhoni,STR Binny,2,0,2,0,0,0,0,0,2,4
SK Raina,YS Chahal,6,1,3,1,0,0,0,1,4,9
V Kohli,KV Sharma,11,1,6,1,0,2,1,0,4,7
AT Rayudu,CJ Jordan,3,1,2,0,0,0,0,0,5,3
Sachin Baby,Anureet Singh,3,1,1,1,0,0,0,0,4,10
MK Pandey,Mustafizur Rahman,18,3,10,1,1,3,0,0,2,2
BB McCullum,CH Morris,9,5,0,1,0,1,1,1,5,3
AB de Villiers,DR Smith,5,0,2,0,0,2,1,0,1,3
KH Pandya,SP Narine,3,1,1,0,0,0,0,1,1,9
DA Warner,PV Tambe,6,0,4,1,0,1,0,0,5,2
JC Buttler,BB Sran,4,2,1,0,0,0,0,1,2,3
AM Rahane,M Morkel,8,3,3,0,0,1,1,0,5,2
S Dhawan,KW Richardson,6,4,1,0,0,0,0,1,4,7
SE Marsh,CH Morris,5,3,2,0,0,0,0,0,4,3
WP Saha,NLTC Perera,1,0,1,0,0,0,0,0,4,2
Harbhajan Singh,Sandeep Sharma,3,1,2,0,0,0,0,0,5,9
F Behardien,AB Dinda,6,3,1,0,0,1,0,1,3,3
G Gambhir,NLTC Perera,1,0,1,0,0,0,0,0,5,2
JP Duminy,AB Dinda,3,1,0,1,0,0,0,1,2,3
JC Buttler,KC Cariappa,4,2,2,0,0,0,0,0,2,5
SW Billings,SP Narine,1,0,1,0,0,0,0,0,4,9
R Sathish,M Ashwin,1,1,0,0,0,0,0,0,7,2
AT Rayudu,Iqbal Abdulla,4,1,2,0,0,0,0,1,5,5
G Gambhir,VR Aaron,10,6,4,0,0,0,0,0,5,4
DJ Bravo,CH Morris,5,1,4,0,0,0,0,0,5,3
SS Tiwary,DS Kulkarni,1,0,1,0,0,0,0,0,4,3
DJ Hooda,A Mishra,1,0,1,0,0,0,0,0,5,3
KK Nair,GB Hogg,8,1,6,1,0,0,0,0,2,5
Q de Kock,TG Southee,4,1,1,0,0,2,0,0,4,9
M Vijay,A Nehra,3,0,3,0,0,0,0,0,2,3
AT Rayudu,MC Henriques,14,7,6,0,0,0,1,0,5,2
Ishan Kishan,Gurkeerat Singh,2,1,1,0,0,0,0,0,3,6
RA Jadeja,YS Chahal,6,2,2,0,0,1,1,0,7,9
YK Pathan,MJ McClenaghan,5,1,2,0,0,2,0,0,4,2
KC Cariappa,Sachin Baby,2,0,2,0,0,0,0,0,2,1
GJ Maxwell,NLTC Perera,6,2,1,2,0,1,0,0,5,2
RA Jadeja,M Ashwin,5,3,2,0,0,0,0,0,7,2
S Dhawan,PJ Sangwan,5,1,1,1,0,2,0,0,4,7
DJ Hooda,TG Southee,1,0,1,0,0,0,0,0,5,9
F du Plessis,MJ McClenaghan,7,4,2,0,0,0,1,0,5,2
MM Sharma,J Yadav,6,3,1,0,0,1,1,0,7,5
AR Patel,VR Aaron,5,2,1,0,0,1,1,0,5,4
AM Rahane,SP Narine,9,3,5,0,0,0,0,1,5,9
DA Miller,YK Pathan,2,1,0,0,0,0,0,1,5,9
RR Pant,Yuvraj Singh,4,1,2,1,0,0,0,0,4,1
Mohammed Shami,SM Boland,3,1,2,0,0,0,0,0,9,9
SW Billings,PP Chawla,9,1,3,3,0,2,0,0,4,2
V Kohli,Harbhajan Singh,7,3,3,0,0,1,0,0,4,5
JP Duminy,KH Pandya,8,0,8,0,0,0,0,0,2,5
DR Smith,AR Patel,5,3,1,0,0,0,0,1,5,3
RR Pant,KH Pandya,3,0,1,0,0,2,0,0,4,5
P Negi,P Kumar,3,1,2,0,0,0,0,0,7,2
J Yadav,SR Watson,4,2,2,0,0,0,0,0,3,9
MC Henriques,SR Watson,7,1,5,1,0,0,0,0,7,9
DS Kulkarni,SR Watson,2,0,0,0,0,2,0,0,1,9
DR Smith,B Kumar,10,8,1,0,0,0,0,1,5,3
SA Yadav,S Aravind,3,1,0,0,0,1,0,1,4,9
DA Warner,M Vijay,3,1,1,0,0,1,0,0,5,7
DA Miller,Mustafizur Rahman,4,1,2,0,0,1,0,0,5,2
KS Williamson,KH Pandya,2,0,2,0,0,0,0,0,7,5
MC Henriques,Mohammed Shami,2,1,0,0,0,0,0,1,7,2
Shakib Al Hasan,P Sahu,3,2,1,0,0,0,0,0,4,2
G Gambhir,Harbhajan Singh,22,5,14,3,0,0,0,0,5,5
G Gambhir,YS Chahal,6,0,3,1,0,2,0,0,5,9
G Gambhir,JA Morkel,5,0,2,0,0,2,0,1,5,5
HH Pandya,PP Chawla,5,1,3,0,0,0,0,1,3,2
Q de Kock,AB Dinda,6,4,1,0,0,0,0,1,4,3
P Kumar,CJ Jordan,5,2,1,0,0,0,0,2,7,3
PA Patel,JW Hastings,7,3,2,1,0,1,0,0,7,5
DA Warner,JO Holder,7,2,5,0,0,0,0,0,5,5
M Vijay,S Kaushik,11,4,5,0,0,1,0,1,2,9
P Sahu,CR Brathwaite,5,1,1,2,0,0,1,0,2,3
A Ashish Reddy,SR Watson,6,2,3,0,0,0,0,1,1,9
AD Russell,Mustafizur Rahman,3,1,1,0,0,0,0,1,1,2
DS Kulkarni,MJ McClenaghan,1,0,1,0,0,0,0,0,1,2
GJ Bailey,CH Morris,7,6,0,0,0,1,0,0,3,3
RG Sharma,MC Henriques,5,2,3,0,0,0,0,0,4,2
DA Miller,RA Jadeja,8,3,2,1,0,1,1,0,5,2
SR Watson,CR Brathwaite,15,7,5,0,0,2,1,0,4,3
M Vijay,Shakib Al Hasan,5,1,2,0,0,2,0,0,2,9
AM Rahane,S Kaushik,5,2,2,0,0,1,0,0,5,9
SS Tiwary,HH Pandya,4,2,2,0,0,0,0,0,4,5
DR Smith,KC Cariappa,4,3,1,0,0,0,0,0,5,5
G Gambhir,BB Sran,24,12,5,2,0,5,0,0,5,3
WP Saha,SP Narine,10,6,2,1,0,0,0,1,4,9
WP Saha,YS Chahal,9,2,1,1,0,3,0,2,4,9
AR Patel,NLTC Perera,2,1,0,0,0,0,0,1,5,2
KK Nair,HV Patel,9,2,4,1,0,1,1,0,2,8
DR Smith,MM Sharma,4,1,3,0,0,0,0,0,5,2
MP Stoinis,SR Watson,7,2,4,0,0,1,0,0,2,9
KK Nair,DJ Hooda,9,0,8,0,0,1,0,0,2,3
BB McCullum,SP Narine,3,2,0,0,0,0,0,1,5,9
NV Ojha,CR Brathwaite,3,1,2,0,0,0,0,0,7,3
SW Billings,UT Yadav,7,3,2,0,0,1,0,1,4,9
M Vijay,SR Watson,11,5,3,1,0,1,0,1,2,9
AT Rayudu,Z Khan,3,0,3,0,0,0,0,0,5,9
AD Russell,R Bhatia,3,1,2,0,0,0,0,0,1,2
SV Samson,SR Watson,11,5,4,1,0,0,0,1,4,9
Q de Kock,AR Patel,18,6,3,3,0,5,1,0,4,3
AB de Villiers,Mustafizur Rahman,13,6,5,1,0,0,0,1,1,2
RG Sharma,SR Watson,5,0,5,0,0,0,0,0,4,9
RA Jadeja,SR Watson,16,11,3,0,0,0,0,2,7,9
AJ Finch,Bipul Sharma,4,2,2,0,0,0,0,0,5,3
SA Yadav,BB Sran,3,0,2,0,0,0,1,0,4,3
KD Karthik,MP Stoinis,2,0,1,0,0,1,0,0,2,2
KK Nair,YS Chahal,10,4,4,0,0,1,0,1,2,9
PP Chawla,Mohammed Shami,3,2,0,0,0,1,0,0,7,2
SS Tiwary,Mustafizur Rahman,4,2,1,1,0,0,0,0,4,2
HM Amla,S Aravind,4,1,1,0,0,0,1,1,5,9
AD Nath,Harbhajan Singh,2,1,1,0,0,0,0,0,3,5
KL Rahul,CR Brathwaite,2,1,0,0,0,0,0,1,2,3
AJ Finch,Sandeep Sharma,11,4,5,1,0,1,0,0,5,9
JC Buttler,MM Sharma,5,2,0,0,0,2,0,1,2,2
EJG Morgan,UT Yadav,9,4,3,1,0,0,0,1,5,9
RA Jadeja,STR Binny,2,1,1,0,0,0,0,0,7,4
Yuvraj Singh,JO Holder,9,5,0,0,0,2,0,2,4,5
KA Pollard,R Sathish,6,2,0,1,0,0,3,0,2,2
KA Pollard,PV Tambe,2,1,0,0,0,0,0,1,2,2
DJ Bravo,Yuvraj Singh,7,2,3,2,0,0,0,0,5,1
F du Plessis,Mustafizur Rahman,1,1,0,0,0,0,0,0,5,2
SE Marsh,Harbhajan Singh,13,4,7,0,0,1,1,0,4,5
MM Sharma,P Kumar,3,1,1,0,0,0,0,1,7,2
F du Plessis,Shakib Al Hasan,3,1,1,0,0,0,0,1,5,9
V Kohli,I Sharma,15,5,5,0,0,4,1,0,4,5
V Kohli,CR Brathwaite,10,1,8,0,0,1,0,0,4,3
KK Nair,A Zampa,10,2,4,3,0,0,0,1,2,10
RV Uthappa,KJ Abbott,5,1,2,0,0,2,0,0,4,8
SK Raina,KH Pandya,8,1,4,0,0,3,0,0,4,5
CH Gayle,M Morkel,12,6,1,0,0,3,1,1,5,2
KL Rahul,UT Yadav,6,2,3,0,0,1,0,0,2,9
M Vijay,IK Pathan,11,5,3,2,0,1,0,0,2,6
G Gambhir,A Mishra,3,0,3,0,0,0,0,0,5,3
DA Warner,SK Raina,13,2,7,0,0,3,1,0,5,1
KD Karthik,UT Yadav,8,2,3,1,0,1,1,0,2,9
AR Patel,DJ Bravo,5,2,0,2,0,0,0,1,5,3
DJ Hooda,CH Morris,3,1,2,0,0,0,0,0,5,3
AB de Villiers,HH Pandya,3,0,2,0,0,0,1,0,1,5
DJ Hooda,AF Milne,4,1,2,0,0,1,0,0,5,3
A Mishra,GB Hogg,7,5,1,0,0,0,0,1,10,5
Sachin Baby,MC Henriques,5,3,1,0,0,1,0,0,4,2
NV Ojha,M Ashwin,2,0,2,0,0,0,0,0,7,2
RR Pant,S Kaushik,9,4,2,1,0,2,0,0,4,9
SA Yadav,B Kumar,3,1,0,1,0,1,0,0,4,3
SK Raina,Mustafizur Rahman,6,0,5,0,0,1,0,0,4,2
KC Cariappa,CH Gayle,5,0,4,0,0,0,1,0,2,3
WP Saha,A Mishra,12,4,5,0,0,3,0,0,4,3
S Dhawan,YS Chahal,4,1,1,1,0,0,0,1,4,9
Yuvraj Singh,TG Southee,5,1,2,1,0,0,1,0,4,9
BB McCullum,KW Richardson,9,3,1,0,0,3,2,0,5,7
CH Gayle,AD Russell,11,7,2,0,0,0,2,0,5,3
M Vijay,P Kumar,16,6,3,1,1,5,0,0,2,2
SK Raina,SR Watson,10,5,3,0,0,1,0,1,4,9
YK Pathan,A Zampa,3,2,1,0,0,0,0,0,4,10
AT Rayudu,PV Tambe,7,3,2,1,0,0,1,0,5,2
MK Pandey,Bipul Sharma,6,1,4,0,0,0,1,0,2,3
M Vijay,S Ladda,8,3,3,1,0,1,0,0,2,1
UT Yadav,CH Morris,1,0,1,0,0,0,0,0,6,3
KS Williamson,NM Coulter-Nile,2,0,2,0,0,0,0,0,7,2
JP Duminy,TG Southee,3,0,3,0,0,0,0,0,2,9
RA Jadeja,MC Henriques,6,1,3,1,0,1,0,0,7,2
KL Rahul,A Mishra,5,0,1,2,0,2,0,0,2,3
RA Jadeja,PP Chawla,7,4,0,1,0,0,1,1,7,2
DA Miller,MC Henriques,6,2,2,0,0,1,0,1,5,2
SS Tiwary,CJ Jordan,5,2,2,0,0,1,0,0,4,3
PP Chawla,NLTC Perera,4,1,0,1,0,1,0,1,7,2
SV Samson,AR Patel,13,2,9,1,0,0,0,1,4,3
AB de Villiers,KC Cariappa,6,0,5,1,0,0,0,0,1,5
JP Faulkner,JJ Bumrah,5,2,2,0,0,1,0,0,2,5
AD Russell,NLTC Perera,3,1,1,0,0,0,0,1,1,2
AR Patel,SP Narine,1,0,1,0,0,0,0,0,5,9
S Dhawan,UT Yadav,3,1,2,0,0,0,0,0,4,9
MJ McClenaghan,Sandeep Sharma,3,2,0,0,0,0,0,1,2,9
DA Miller,CH Morris,6,3,3,0,0,0,0,0,5,3
D Wiese,Mohammed Shami,2,0,1,1,0,0,0,0,5,2
AJ Finch,Iqbal Abdulla,4,2,0,0,0,1,0,1,5,5
CH Gayle,BCJ Cutting,10,3,3,0,0,1,2,1,5,3
KJ Abbott,NLTC Perera,1,0,1,0,0,0,0,0,2,2
MP Stoinis,JP Faulkner,9,3,2,2,0,2,0,0,2,8
Shakib Al Hasan,Harbhajan Singh,1,0,1,0,0,0,0,0,4,5
Shakib Al Hasan,DR Smith,15,10,3,0,0,1,0,1,4,3
V Kohli,CH Morris,15,6,6,2,0,1,0,0,4,3
HH Pandya,DS Kulkarni,7,4,2,0,0,0,0,1,3,3
AT Rayudu,Bipul Sharma,12,4,6,1,0,0,1,0,5,3
CH Gayle,Z Khan,7,5,1,0,0,0,0,1,5,9
SK Raina,Shakib Al Hasan,3,2,0,0,0,1,0,0,4,9
DS Kulkarni,JJ Bumrah,2,0,1,0,0,1,0,0,1,5
AJ Finch,HH Pandya,4,3,1,0,0,0,0,0,5,5
N Rana,Sandeep Sharma,6,5,1,0,0,0,0,0,2,9
EJG Morgan,CR Brathwaite,1,0,1,0,0,0,0,0,5,3
HM Amla,MC Henriques,10,1,5,1,0,2,1,0,5,2
Yuvraj Singh,Kuldeep Yadav,13,4,1,1,0,4,3,0,4,7
RG Sharma,NLTC Perera,15,5,5,1,0,3,1,0,4,2
MK Pandey,AB Dinda,3,0,0,2,0,1,0,0,2,3
AB de Villiers,A Nehra,8,4,1,0,0,2,1,0,1,3
AJ Finch,Yuvraj Singh,6,1,5,0,0,0,0,0,5,1
KL Rahul,SB Jakati,7,2,4,0,0,0,1,0,2,4
DJ Hooda,YS Chahal,5,3,1,0,0,0,0,1,5,9
RA Jadeja,MM Sharma,5,3,1,1,0,0,0,0,7,2
JC Buttler,AD Russell,11,2,4,0,0,2,2,1,2,3
G Gambhir,P Kumar,11,6,2,2,0,0,0,1,5,2
AJ Finch,AR Patel,8,2,5,0,0,1,0,0,5,3
MK Pandey,B Kumar,9,3,4,0,0,0,0,2,2,3
KL Rahul,Mustafizur Rahman,1,0,0,1,0,0,0,0,2,2
DA Miller,Mohammed Shami,5,1,1,2,0,1,0,0,5,2
M Vijay,Mohammed Shami,4,1,1,0,0,2,0,0,2,2
R Bhatia,RA Jadeja,2,2,0,0,0,0,0,0,6,2
RR Pant,MC Henriques,8,3,3,1,0,1,0,0,4,2
KH Pandya,Mohammed Shami,5,3,1,0,0,1,0,0,1,2
DJ Hooda,R Ashwin,2,1,0,0,0,0,0,1,5,2
M Vijay,DL Chahar,5,0,3,0,0,1,1,0,2,6
RA Jadeja,S Aravind,6,1,4,0,0,1,0,0,7,9
MC Henriques,A Mishra,4,1,1,2,0,0,0,0,7,3
AM Rahane,NM Coulter-Nile,10,4,3,1,0,2,0,0,5,2
DA Miller,S Kaushik,11,5,4,2,0,0,0,0,5,9
S Nadeem,R Vinay Kumar,1,1,0,0,0,0,0,0,8,2
Sachin Baby,UT Yadav,7,3,1,0,0,2,1,0,4,9
AT Rayudu,VR Aaron,12,4,5,0,0,1,1,1,5,4
SA Yadav,HH Pandya,1,0,1,0,0,0,0,0,4,5
M Vijay,JJ Bumrah,8,4,4,0,0,0,0,0,2,5
KD Karthik,CH Morris,7,3,3,0,0,1,0,0,2,3
RR Pant,MJ McClenaghan,4,3,1,0,0,0,0,0,4,2
Sandeep Sharma,P Kumar,1,0,1,0,0,0,0,0,9,2
GJ Maxwell,Shakib Al Hasan,8,3,4,0,0,0,1,0,5,9
DJ Bravo,M Ashwin,3,1,2,0,0,0,0,0,5,2
SK Raina,KW Richardson,4,1,2,0,0,1,0,0,4,7
GJ Maxwell,R Ashwin,4,1,1,0,0,1,1,0,5,2
KH Pandya,MP Stoinis,6,2,1,1,0,1,0,1,1,2
JJ Bumrah,MM Sharma,1,0,1,0,0,0,0,0,3,2
SPD Smith,Harbhajan Singh,3,0,3,0,0,0,0,0,4,5
B Kumar,AD Russell,1,1,0,0,0,0,0,0,1,3
V Kohli,A Ashish Reddy,4,1,3,0,0,0,0,0,4,3
DA Warner,RP Singh,9,6,1,0,0,0,1,1,5,2
KD Karthik,CJ Jordan,11,5,3,1,0,0,0,2,2,3
AB de Villiers,I Sharma,5,2,1,0,0,1,1,0,1,5
MC Henriques,DR Smith,2,1,0,0,0,0,0,1,7,3
KL Rahul,Z Khan,3,1,2,0,0,0,0,0,2,9
MA Agarwal,R Vinay Kumar,2,1,0,0,0,0,0,1,7,2
RV Uthappa,Swapnil Singh,9,1,6,0,0,1,1,0,4,1
UT Khawaja,KJ Abbott,4,2,2,0,0,0,0,0,4,8
G Gambhir,DJ Hooda,10,4,3,1,0,0,1,1,5,3
BB McCullum,Harbhajan Singh,6,2,1,0,0,2,0,1,5,5
RA Jadeja,Imran Tahir,3,2,1,0,0,0,0,0,7,5
KH Pandya,Z Khan,12,4,4,1,0,2,1,0,1,9
DJ Hooda,Shakib Al Hasan,3,0,3,0,0,0,0,0,5,9
WP Saha,BCJ Cutting,3,1,1,0,0,1,0,0,4,3
AJ Finch,CH Gayle,7,5,2,0,0,0,0,0,5,3
NLTC Perera,SP Narine,9,5,1,3,0,0,0,0,2,9
V Kohli,JJ Bumrah,4,1,2,0,0,1,0,0,4,5
SR Watson,NLTC Perera,7,1,1,0,0,5,0,0,4,2
SA Yadav,A Mishra,1,0,1,0,0,0,0,0,4,3
S Gopal,R Bhatia,9,9,0,0,0,0,0,0,8,2
V Kohli,J Yadav,5,2,1,1,0,1,0,0,4,5
S Gopal,MR Marsh,3,2,1,0,0,0,0,0,8,7
AM Rahane,SB Jakati,5,1,2,0,0,2,0,0,5,4
B Kumar,Z Khan,2,0,1,0,0,1,0,0,1,9
KK Nair,PP Chawla,4,1,2,0,0,1,0,0,2,2
KH Pandya,Imran Tahir,16,1,6,2,1,4,2,0,1,5
AR Patel,CR Brathwaite,10,7,2,0,0,1,0,0,5,3
Sachin Baby,TG Southee,4,2,1,0,0,1,0,0,4,9
MK Pandey,R Ashwin,3,1,1,0,1,0,0,0,2,2
G Gambhir,NM Coulter-Nile,12,7,3,0,0,2,0,0,5,2
Harbhajan Singh,BB Sran,2,1,1,0,0,0,0,0,5,3
TG Southee,CH Morris,1,0,1,0,0,0,0,0,4,3
B Kumar,NM Coulter-Nile,6,1,2,1,0,1,0,1,1,2
Shakib Al Hasan,SB Jakati,2,0,2,0,0,0,0,0,4,4
YK Pathan,R Ashwin,7,2,1,0,0,2,2,0,4,2
SPD Smith,AD Russell,3,0,1,1,0,1,0,0,4,3
Q de Kock,Parvez Rasool,12,3,3,2,0,4,0,0,4,4
MC Henriques,HV Patel,8,4,3,0,0,1,0,0,7,8
S Dhawan,M Vijay,4,2,2,0,0,0,0,0,4,7
MS Dhoni,R Dhawan,3,0,3,0,0,0,0,0,2,2
SK Raina,AD Russell,2,1,0,0,0,0,0,1,4,3
Q de Kock,A Nehra,10,5,1,0,0,3,1,0,4,3
DR Smith,R Bhatia,6,0,3,0,1,1,1,0,5,2
KD Karthik,AD Russell,5,2,1,0,0,2,0,0,2,3
Shakib Al Hasan,JA Morkel,1,1,0,0,0,0,0,0,4,5
Sandeep Sharma,CR Brathwaite,1,0,1,0,0,0,0,0,9,3
AT Rayudu,R Ashwin,10,4,3,0,0,0,1,2,5,2
SS Iyer,S Aravind,6,5,0,0,0,0,0,1,9,9
MS Dhoni,MC Henriques,3,1,1,0,0,1,0,0,2,2
HM Amla,Yuvraj Singh,3,0,2,0,0,1,0,0,5,1
SE Marsh,YK Pathan,2,0,2,0,0,0,0,0,4,9
N Rana,MP Stoinis,7,4,2,0,0,0,0,1,2,2
RA Jadeja,SP Narine,5,2,2,1,0,0,0,0,7,9
Shakib Al Hasan,R Bhatia,3,2,0,0,0,0,0,1,4,2
UT Khawaja,A Mishra,7,5,1,0,0,0,0,1,4,3
Gurkeerat Singh,B Kumar,3,1,0,0,0,1,0,1,5,3
MC Henriques,MJ McClenaghan,3,1,2,0,0,0,0,0,7,2
GJ Maxwell,YK Pathan,5,3,2,0,0,0,0,0,5,9
Parvez Rasool,A Nehra,2,0,1,1,0,0,0,0,7,3
WP Saha,Harbhajan Singh,13,3,5,3,0,1,1,0,4,5
SPD Smith,P Kumar,11,1,3,3,0,4,0,0,4,2
YK Pathan,S Kaushik,4,0,2,0,0,1,1,0,4,9
KP Pietersen,KW Richardson,2,1,0,0,0,0,0,1,2,7
S Dhawan,NM Coulter-Nile,7,3,3,0,0,1,0,0,4,2
DA Miller,KA Pollard,3,0,2,0,0,0,1,0,5,6
YK Pathan,AR Patel,3,0,3,0,0,0,0,0,4,3
G Gambhir,TG Southee,23,10,7,1,0,5,0,0,5,9
BB McCullum,SR Watson,3,1,1,0,0,1,0,0,5,9
KV Sharma,SP Narine,2,0,2,0,0,0,0,0,7,9
BB McCullum,T Shamsi,6,2,2,0,0,1,0,1,5,9
P Kumar,MJ McClenaghan,3,2,0,0,0,0,0,1,7,2
SE Marsh,CR Brathwaite,1,0,1,0,0,0,0,0,4,3
Ankit Sharma,SR Watson,1,1,0,0,0,0,0,0,3,9
KV Sharma,HV Patel,7,3,1,2,0,1,0,0,7,8
S Dhawan,PV Tambe,7,2,4,1,0,0,0,0,4,2
NS Naik,Mustafizur Rahman,10,7,1,1,0,0,0,1,9,2
Ankit Sharma,KW Richardson,2,0,1,1,0,0,0,0,3,7
RA Jadeja,MJ McClenaghan,5,2,1,0,0,2,0,0,7,2
KL Rahul,Sandeep Sharma,2,1,0,0,0,1,0,0,2,9
STR Binny,A Mishra,5,2,1,1,0,1,0,0,4,3
YK Pathan,R Bhatia,11,4,5,0,0,1,0,1,4,2
SP Narine,Z Khan,2,1,1,0,0,0,0,0,9,9
MA Agarwal,JW Hastings,4,3,1,0,0,0,0,0,7,5
Gurkeerat Singh,R Ashwin,11,3,3,1,0,2,1,1,5,2
UT Khawaja,M Morkel,10,6,2,0,0,2,0,0,4,2
Yuvraj Singh,Sandeep Sharma,4,0,3,0,0,0,1,0,4,9
BB McCullum,I Sharma,4,2,1,0,0,0,0,1,5,5
RG Sharma,Shakib Al Hasan,6,0,6,0,0,0,0,0,4,9
WP Saha,PP Chawla,11,6,2,1,0,1,0,1,4,2
KA Pollard,SB Jakati,2,1,1,0,0,0,0,0,2,4
KD Karthik,Sandeep Sharma,2,1,1,0,0,0,0,0,2,9
KK Nair,KC Cariappa,6,1,3,1,0,0,0,1,2,5
BB McCullum,R Bhatia,9,2,6,0,0,0,0,1,5,2
AM Rahane,Sandeep Sharma,19,12,2,0,0,3,0,2,5,9
AB de Villiers,PP Chawla,12,3,5,2,0,1,0,1,1,2
MK Pandey,CJ Jordan,6,2,4,0,0,0,0,0,2,3
RA Jadeja,Sandeep Sharma,3,1,2,0,0,0,0,0,7,9
MC Henriques,Shakib Al Hasan,7,4,2,1,0,0,0,0,7,9
RR Pant,RA Jadeja,3,2,0,0,0,0,0,1,4,2
SV Samson,Harbhajan Singh,13,3,7,1,0,1,1,0,4,5
MG Johnson,Z Khan,1,0,1,0,0,0,0,0,9,9
MS Dhoni,Gurkeerat Singh,1,0,1,0,0,0,0,0,2,6
SV Samson,Yuvraj Singh,4,1,2,0,0,0,1,0,4,1
DA Miller,SR Watson,2,1,0,0,0,0,0,1,5,9
HM Amla,YS Chahal,9,3,4,0,0,2,0,0,5,9
MP Stoinis,CJ Jordan,10,2,2,3,0,2,1,0,2,3
JP Faulkner,Mohammed Shami,2,0,2,0,0,0,0,0,2,2
G Gambhir,KH Pandya,7,0,3,2,0,1,1,0,5,5
NLTC Perera,MJ McClenaghan,6,3,2,1,0,0,0,0,2,2
SB Jakati,CJ Jordan,2,1,1,0,0,0,0,0,9,3
C Munro,MC Henriques,3,1,2,0,0,0,0,0,3,2
WP Saha,Shakib Al Hasan,4,2,1,1,0,0,0,0,4,9
V Kohli,DS Kulkarni,20,4,10,2,0,2,1,1,4,3
SK Raina,S Aravind,4,3,1,0,0,0,0,0,4,9
DR Smith,YS Chahal,25,9,7,1,0,3,4,1,5,9
F du Plessis,Bipul Sharma,4,0,2,0,0,1,1,0,5,3
JC Buttler,Iqbal Abdulla,9,2,3,0,0,1,2,1,2,5
RV Uthappa,B Kumar,26,10,9,2,0,5,0,0,4,3
AJ Finch,A Nehra,5,3,2,0,0,0,0,0,5,3
SV Samson,YS Chahal,7,2,2,0,0,1,1,1,4,9
MK Pandey,MM Sharma,3,0,2,0,0,1,0,0,2,2
SV Samson,TG Southee,7,3,4,0,0,0,0,0,4,9
A Ashish Reddy,YS Chahal,7,4,1,0,0,0,2,0,1,9
BB McCullum,Mustafizur Rahman,6,4,2,0,0,0,0,0,5,2
EJG Morgan,Shakib Al Hasan,11,4,5,1,0,0,1,0,5,9
DJ Bravo,DJ Hooda,3,0,3,0,0,0,0,0,5,3
EJG Morgan,AF Milne,2,0,2,0,0,0,0,0,5,3
JC Buttler,Bipul Sharma,5,1,3,1,0,0,0,0,2,3
MC Henriques,P Kumar,3,1,1,0,0,1,0,0,7,2
RA Jadeja,Mustafizur Rahman,11,3,5,1,0,0,0,2,7,2
RG Sharma,AB Dinda,4,0,2,0,0,2,0,0,4,3
GJ Bailey,B Kumar,9,6,3,0,0,0,0,0,3,3
AJ Finch,AS Rajpoot,4,2,1,1,0,0,0,0,5,3
G Gambhir,MC Henriques,11,3,4,1,0,2,0,1,5,2
YK Pathan,DJ Hooda,2,0,1,0,0,1,0,0,4,3
SV Samson,Parvez Rasool,5,2,2,1,0,0,0,0,4,4
KA Pollard,KC Cariappa,8,3,3,0,0,0,2,0,2,5
GJ Bailey,Z Khan,2,2,0,0,0,0,0,0,3,9
HM Amla,CJ Jordan,3,0,3,0,0,0,0,0,5,3
CH Gayle,PP Chawla,3,1,1,0,0,0,1,0,5,2
JP Duminy,SR Watson,4,2,0,1,0,1,0,0,2,9
A Nehra,NM Coulter-Nile,1,0,1,0,0,0,0,0,3,2
SA Yadav,CH Morris,4,0,3,1,0,0,0,0,4,3
RA Jadeja,CH Morris,2,0,1,1,0,0,0,0,7,3
CH Gayle,P Kumar,16,13,2,0,0,1,0,0,5,2
SA Yadav,M Ashwin,14,8,4,0,0,1,0,1,4,2
Shakib Al Hasan,P Kumar,4,0,2,0,0,2,0,0,4,2
KA Pollard,Z Khan,8,2,3,1,0,0,1,1,2,9
NV Ojha,Shakib Al Hasan,3,0,3,0,0,0,0,0,7,9
S Dhawan,YK Pathan,5,2,3,0,0,0,0,0,4,9
JC Buttler,A Nehra,3,1,0,1,0,0,0,1,2,3
SW Billings,AD Russell,1,1,0,0,0,0,0,0,4,3
DA Warner,DJ Bravo,20,7,8,3,0,2,0,0,5,3
DA Warner,Z Khan,7,4,3,0,0,0,0,0,5,9
AT Rayudu,DJ Bravo,3,1,2,0,0,0,0,0,5,3
AT Rayudu,JD Unadkat,4,1,0,0,0,3,0,0,5,6
AJ Finch,MP Stoinis,8,1,4,0,0,3,0,0,5,2
RV Uthappa,NM Coulter-Nile,9,6,0,0,0,3,0,0,4,2
AM Rahane,UT Yadav,4,0,3,0,0,0,1,0,5,9
SPD Smith,KH Pandya,6,3,2,0,0,0,1,0,4,5
KA Pollard,Iqbal Abdulla,2,1,1,0,0,0,0,0,2,5
NV Ojha,SR Watson,3,2,1,0,0,0,0,0,7,9
WP Saha,CJ Jordan,5,1,1,1,0,2,0,0,4,3
YK Pathan,YS Chahal,9,2,5,1,0,0,0,1,4,9
SE Marsh,B Kumar,5,3,1,0,0,1,0,0,4,3
DA Warner,CJ Jordan,8,4,2,0,0,2,0,0,5,3
AB de Villiers,AR Patel,9,2,5,2,0,0,0,0,1,3
UT Khawaja,AD Russell,5,1,1,1,1,1,0,0,4,3
KA Pollard,MC Henriques,6,3,2,0,0,0,0,1,2,2
MP Stoinis,Mohammed Shami,6,3,2,1,0,0,0,0,2,2
Q de Kock,BB Sran,10,5,2,0,0,1,1,1,4,3
KP Pietersen,Harbhajan Singh,9,3,3,1,0,0,2,0,2,5
AR Patel,Shakib Al Hasan,3,0,2,1,0,0,0,0,5,9
KK Nair,AB Dinda,16,8,3,0,0,5,0,0,2,3
S Dhawan,MJ McClenaghan,9,2,5,0,0,2,0,0,4,2
GJ Maxwell,SP Narine,3,1,1,0,0,0,0,1,5,9
RA Jadeja,YK Pathan,2,1,1,0,0,0,0,0,7,9
CH Gayle,Sandeep Sharma,7,5,2,0,0,0,0,0,5,9
KM Jadhav,Mustafizur Rahman,11,4,4,2,0,0,1,0,2,2
Q de Kock,GJ Maxwell,2,2,0,0,0,0,0,0,4,6
KH Pandya,A Nehra,7,4,1,0,0,1,1,0,1,3
M Vijay,YS Chahal,9,3,3,1,0,2,0,0,2,9
KD Karthik,JP Duminy,10,3,4,2,0,1,0,0,2,5
DA Miller,PP Chawla,10,3,5,1,0,1,0,0,5,2
M Vohra,CR Brathwaite,5,1,1,0,0,3,0,0,2,3
KK Nair,Yuvraj Singh,5,1,2,2,0,0,0,0,2,1
AJ Finch,I Sharma,10,4,3,0,0,3,0,0,5,5
BB McCullum,MJ McClenaghan,3,1,2,0,0,0,0,0,5,2
Shakib Al Hasan,MM Sharma,6,3,2,1,0,0,0,0,4,2
Q de Kock,MP Stoinis,9,3,2,0,0,2,1,1,4,2
KV Sharma,AF Milne,5,3,0,0,0,1,1,0,7,3
KS Williamson,Harbhajan Singh,4,3,0,0,0,0,0,1,7,5
Q de Kock,JP Faulkner,3,1,2,0,0,0,0,0,4,8
KP Pietersen,MM Sharma,4,2,2,0,0,0,0,0,2,2
PA Patel,AR Patel,11,3,7,0,0,1,0,0,7,3
SK Raina,TA Boult,3,2,0,0,0,0,0,1,4,9
S Dhawan,Mohammed Shami,2,0,1,0,0,1,0,0,4,2
Sachin Baby,AR Patel,7,2,2,2,0,1,0,0,4,3
MC Henriques,T Shamsi,6,1,2,1,0,1,1,0,7,9
AB de Villiers,MP Stoinis,3,0,2,0,0,1,0,0,1,2
SS Tiwary,STR Binny,3,0,2,0,0,1,0,0,4,4
BB McCullum,A Nehra,8,7,1,0,0,0,0,0,5,3
IK Pathan,SP Narine,4,1,2,1,0,0,0,0,3,9
M Vohra,CH Morris,4,1,1,0,1,1,0,0,2,3
BB McCullum,M Ashwin,8,2,5,0,0,0,1,0,5,2
KH Pandya,Bipul Sharma,6,0,3,0,0,0,3,0,1,3
SK Raina,GB Hogg,2,1,1,0,0,0,0,0,4,5
M Vohra,B Kumar,4,1,2,0,0,1,0,0,2,3
Yuvraj Singh,S Kaushik,9,6,2,0,0,0,0,1,4,9
BB McCullum,YS Chahal,6,3,2,0,0,0,0,1,5,9
Gurkeerat Singh,M Morkel,2,0,2,0,0,0,0,0,5,2
SE Marsh,Ankit Sharma,3,1,2,0,0,0,0,0,4,8
NLTC Perera,Sandeep Sharma,4,1,2,0,0,0,0,1,2,9
KS Williamson,A Zampa,7,1,5,0,0,0,0,1,7,10
MJ Guptill,S Nadeem,10,5,3,0,2,0,0,0,7,9
AD Russell,T Shamsi,5,1,1,0,0,1,2,0,1,9
UT Khawaja,CR Brathwaite,5,2,2,0,0,1,0,0,4,3
AM Rahane,PV Tambe,6,4,0,0,0,1,0,1,5,2
S Dhawan,Parvez Rasool,5,2,1,0,0,1,0,1,4,4
SV Samson,C Munro,1,0,1,0,0,0,0,0,4,10
KA Pollard,S Aravind,3,0,3,0,0,0,0,0,2,9
DA Warner,Iqbal Abdulla,4,1,2,0,0,0,1,0,5,5
CA Lynn,STR Binny,3,0,1,1,0,0,1,0,5,4
PP Chawla,Z Khan,3,1,0,0,0,1,0,1,7,9
JC Buttler,AB Dinda,2,1,0,0,0,1,0,0,2,3
SPD Smith,HV Patel,4,2,0,0,0,1,0,1,4,8
YK Pathan,Mohammed Shami,4,0,2,1,0,1,0,0,4,2
KL Rahul,DS Kulkarni,8,4,1,0,0,0,2,1,2,3
EJG Morgan,YS Chahal,3,2,0,0,0,1,0,0,5,9
SPD Smith,S Kaushik,11,3,3,2,0,1,2,0,4,9
GJ Bailey,Shakib Al Hasan,11,4,5,0,0,1,1,0,3,9
AD Nath,YS Chahal,4,2,1,0,0,0,0,1,3,9
MP Stoinis,CR Brathwaite,8,1,4,1,0,1,1,0,2,3
NLTC Perera,SR Watson,9,5,1,1,0,0,1,1,2,9
CR Brathwaite,PP Chawla,6,4,0,0,0,0,1,1,1,2
Q de Kock,DR Smith,8,3,4,0,0,1,0,0,4,3
PA Patel,P Sahu,8,0,6,0,0,0,2,0,7,2
F du Plessis,KW Richardson,3,2,0,0,0,0,0,1,5,7
Shakib Al Hasan,S Kaushik,2,0,2,0,0,0,0,0,4,9
NV Ojha,DJ Bravo,5,2,2,0,0,0,0,1,7,3
KS Williamson,AB Dinda,4,3,1,0,0,0,0,0,7,3
DJ Bravo,R Bhatia,3,1,0,1,0,0,1,0,5,2
KS Williamson,Kuldeep Yadav,5,2,2,0,0,0,0,1,7,7
AM Rahane,VR Aaron,12,3,4,1,0,3,1,0,5,4
KD Karthik,BCJ Cutting,2,0,2,0,0,0,0,0,2,3
GJ Bailey,M Morkel,5,3,1,0,0,1,0,0,3,2
SE Marsh,PP Chawla,5,1,3,0,0,1,0,0,4,2
MJ Guptill,DS Kulkarni,4,2,2,0,0,0,0,0,7,3
HM Amla,KV Sharma,11,3,6,1,0,1,0,0,5,7
JP Faulkner,MP Stoinis,8,2,5,0,0,1,0,0,2,2
KL Rahul,JJ Bumrah,12,4,4,2,0,1,1,0,2,5
KD Karthik,Imran Tahir,7,2,3,0,0,0,1,1,2,5
AM Rahane,CJ Jordan,11,2,4,2,0,1,1,1,5,3
R Sathish,Mustafizur Rahman,4,1,2,1,0,0,0,0,7,2
CH Morris,SR Watson,9,2,2,3,0,1,0,1,1,9
Harbhajan Singh,Mustafizur Rahman,12,7,4,1,0,0,0,0,5,2
DJ Hooda,NLTC Perera,5,4,1,0,0,0,0,0,5,2
CH Gayle,MJ McClenaghan,3,2,1,0,0,0,0,0,5,2
DR Smith,S Aravind,7,2,3,0,0,0,1,1,5,9
P Sahu,CH Morris,3,1,2,0,0,0,0,0,2,3
KK Nair,CJ Jordan,1,0,1,0,0,0,0,0,2,3
HM Amla,IK Pathan,8,4,2,0,0,2,0,0,5,6
DJ Bravo,CJ Jordan,3,1,1,0,0,1,0,0,5,3
KA Pollard,BB Sran,5,2,1,0,0,2,0,0,2,3
N Rana,KC Cariappa,9,6,1,0,0,0,2,0,2,5
DR Smith,R Ashwin,10,3,3,0,0,4,0,0,5,2
JC Buttler,R Bhatia,3,1,2,0,0,0,0,0,2,2
UT Khawaja,MM Sharma,7,3,2,1,0,0,1,0,4,2
DA Miller,NLTC Perera,3,0,1,2,0,0,0,0,5,2
YK Pathan,MM Sharma,7,1,4,0,0,0,1,1,4,2
KD Karthik,KW Richardson,7,2,3,2,0,0,0,0,2,7
P Negi,C Munro,5,4,0,0,0,0,1,0,7,10
JP Duminy,KA Pollard,3,1,1,0,0,0,1,0,2,6
HM Amla,S Nadeem,4,2,1,0,0,0,0,1,5,9
AT Rayudu,AR Patel,13,1,7,0,0,1,3,1,5,3
CR Brathwaite,CH Gayle,3,1,1,0,0,0,0,1,1,3
KM Jadhav,CH Morris,7,3,3,0,0,1,0,0,2,3
PP Chawla,DS Kulkarni,4,2,1,0,0,1,0,0,7,3
JP Faulkner,AR Patel,6,4,2,0,0,0,0,0,2,3
SS Tiwary,YS Chahal,11,6,2,0,0,2,0,1,4,9
SR Watson,Harbhajan Singh,3,1,2,0,0,0,0,0,4,5
Gurkeerat Singh,Shakib Al Hasan,4,1,2,0,0,1,0,0,5,9
CH Morris,Sandeep Sharma,7,1,3,2,0,0,1,0,1,9
RV Uthappa,STR Binny,6,3,2,0,0,0,0,1,4,4
MK Pandey,SR Watson,7,2,2,0,0,1,1,1,2,9
SV Samson,DS Kulkarni,4,3,0,0,0,0,0,1,4,3
KM Jadhav,A Nehra,3,1,1,0,0,0,1,0,2,3
HH Pandya,MG Johnson,1,0,0,0,0,1,0,0,3,2
PA Patel,SB Jakati,7,3,2,1,0,0,1,0,7,4
NLTC Perera,Mustafizur Rahman,6,1,4,1,0,0,0,0,2,2
KP Pietersen,SB Jakati,8,1,6,0,0,1,0,0,2,4
YK Pathan,SR Watson,12,3,3,1,0,4,1,0,4,9
Sachin Baby,MP Stoinis,3,0,2,1,0,0,0,0,4,2
AJ Finch,SP Narine,9,5,2,0,0,1,1,0,5,9
DJ Hooda,S Kaushik,9,4,4,0,0,1,0,0,5,9
MK Pandey,DS Kulkarni,1,0,1,0,0,0,0,0,2,3
BB McCullum,Imran Tahir,6,1,3,1,0,1,0,0,5,5
Harbhajan Singh,MC Henriques,8,3,3,1,0,1,0,0,5,2
AR Patel,AB Dinda,1,0,1,0,0,0,0,0,5,3
HM Amla,NLTC Perera,3,1,1,0,0,0,1,0,5,2
AJ Finch,TG Southee,13,5,5,0,0,3,0,0,5,9
V Kohli,Ankit Sharma,15,5,9,1,0,0,0,0,4,8
DR Smith,AS Rajpoot,2,1,0,0,0,0,0,1,5,3
JP Duminy,JP Faulkner,5,1,3,1,0,0,0,0,2,8
MS Dhoni,Harbhajan Singh,7,4,3,0,0,0,0,0,2,5
KD Karthik,SR Watson,14,4,8,1,0,1,0,0,2,9
SPD Smith,Shakib Al Hasan,7,3,4,0,0,0,0,0,4,9
B Kumar,SR Watson,1,0,1,0,0,0,0,0,1,9
LMP Simmons,RP Singh,7,4,2,0,0,0,1,0,7,2
RV Uthappa,A Ashish Reddy,3,2,0,0,0,0,0,1,4,3
P Negi,DJ Bravo,1,0,1,0,0,0,0,0,7,3
Yuvraj Singh,MM Sharma,12,2,6,0,0,2,2,0,4,2
Shakib Al Hasan,SR Watson,6,1,4,0,0,0,1,0,4,9
MJ McClenaghan,PP Chawla,4,1,1,0,0,0,2,0,2,2
RG Sharma,S Aravind,2,0,2,0,0,0,0,0,4,9
KA Pollard,AR Patel,5,2,1,0,1,0,1,0,2,3
KC Cariappa,P Kumar,3,1,1,0,0,0,0,1,2,2
AT Rayudu,MG Johnson,5,2,2,0,0,1,0,0,5,2
G Gambhir,Swapnil Singh,7,2,3,1,0,0,1,0,5,1
CH Morris,YS Chahal,6,3,1,1,0,1,0,0,1,9
V Kohli,KC Cariappa,17,6,3,0,0,1,6,1,4,5
MS Dhoni,UT Yadav,4,1,1,2,0,0,0,0,2,9
AB de Villiers,TG Southee,6,3,2,0,0,1,0,0,1,9
TM Head,RP Singh,5,2,3,0,0,0,0,0,4,2
JP Duminy,PV Tambe,2,0,1,1,0,0,0,0,2,2
Gurkeerat Singh,RA Jadeja,4,3,0,0,0,0,0,1,5,2
SS Iyer,JJ Bumrah,1,0,0,1,0,0,0,0,9,5
S Dhawan,JJ Bumrah,16,6,5,0,0,4,1,0,4,5
SR Watson,BB Sran,1,0,1,0,0,0,0,0,4,3
AT Rayudu,MM Sharma,4,0,4,0,0,0,0,0,5,2
F du Plessis,DJ Bravo,6,2,3,0,0,0,1,0,5,3
S Dhawan,AB Dinda,19,12,3,1,0,2,0,1,4,3
JC Buttler,SM Boland,2,0,1,1,0,0,0,0,2,9
SA Yadav,Bipul Sharma,3,1,1,1,0,0,0,0,4,3
SR Watson,BCJ Cutting,2,0,2,0,0,0,0,0,4,3
AR Patel,Mustafizur Rahman,4,1,3,0,0,0,0,0,5,2
M Vijay,PJ Sangwan,11,6,0,1,0,3,1,0,2,7
JC Buttler,P Kumar,12,9,1,0,0,2,0,0,2,2
SPD Smith,Mustafizur Rahman,13,7,1,1,0,4,0,0,4,2
MC Henriques,Harbhajan Singh,8,3,3,0,0,1,1,0,7,5
M Vohra,RA Jadeja,8,5,0,1,0,0,1,1,2,2
RG Sharma,S Nadeem,8,2,3,0,0,1,2,0,4,9
RR Pant,KV Sharma,6,1,3,1,0,1,0,0,4,7
AB de Villiers,M Ashwin,8,1,2,1,0,2,2,0,1,2
UT Khawaja,Sandeep Sharma,6,2,4,0,0,0,0,0,4,9
JP Duminy,Harbhajan Singh,3,1,2,0,0,0,0,0,2,5
MJ Guptill,Z Khan,10,7,2,0,0,0,0,1,7,9
DA Warner,NM Coulter-Nile,12,4,4,2,0,2,0,0,5,2
SK Raina,BB Sran,13,2,7,2,0,2,0,0,4,3
SV Samson,RA Jadeja,9,2,4,1,0,1,1,0,4,2
YK Pathan,Z Khan,2,2,0,0,0,0,0,0,4,9
DA Warner,CR Brathwaite,13,4,4,3,0,0,1,1,5,3
WP Saha,MJ McClenaghan,4,2,0,0,0,1,0,1,4,2
KD Karthik,SP Narine,1,0,1,0,0,0,0,0,2,9
R Bhatia,UT Yadav,1,0,1,0,0,0,0,0,6,9
Ishan Kishan,Sandeep Sharma,3,1,1,0,0,1,0,0,3,9
MC Henriques,A Zampa,6,2,3,0,0,0,0,1,7,10
KD Karthik,S Aravind,2,1,1,0,0,0,0,0,2,9
SR Watson,TG Southee,5,1,2,1,0,1,0,0,4,9
S Dhawan,MP Stoinis,1,0,1,0,0,0,0,0,4,2
Iqbal Abdulla,SB Jakati,6,1,4,0,0,0,1,0,2,4
GJ Bailey,Mohammed Shami,1,1,0,0,0,0,0,0,3,2
JC Buttler,R Ashwin,1,0,1,0,0,0,0,0,2,2
BCJ Cutting,Sandeep Sharma,5,2,0,2,0,0,1,0,1,9
Sachin Baby,KC Cariappa,7,2,3,2,0,0,0,0,4,5
AD Russell,CR Brathwaite,2,0,1,0,0,1,0,0,1,3
NV Ojha,NM Coulter-Nile,11,5,3,1,0,1,0,1,7,2
RR Pant,IK Pathan,1,1,0,0,0,0,0,0,4,6
MC Henriques,YK Pathan,5,1,3,0,0,0,1,0,7,9
Gurkeerat Singh,IK Pathan,8,0,4,2,0,0,2,0,5,6
SP Narine,CH Morris,2,0,1,1,0,0,0,0,9,3
G Gambhir,B Kumar,15,3,9,1,0,2,0,0,5,3
SE Marsh,DJ Hooda,15,5,6,1,0,1,2,0,4,3
SPD Smith,HH Pandya,5,2,2,0,0,0,1,0,4,5
R Ashwin,B Kumar,3,3,0,0,0,0,0,0,7,3
SA Yadav,Harbhajan Singh,7,0,5,0,0,2,0,0,4,5
HH Pandya,MR Marsh,2,1,0,0,0,0,0,1,3,7
KL Rahul,DJ Bravo,9,3,5,0,0,1,0,0,2,3
J Yadav,Iqbal Abdulla,3,0,3,0,0,0,0,0,3,5
SPD Smith,KW Richardson,1,1,0,0,0,0,0,0,4,7
CR Brathwaite,Sandeep Sharma,5,2,0,0,0,1,1,1,1,9
MS Dhoni,Sandeep Sharma,6,3,1,0,0,1,1,0,2,9
MK Pandey,A Zampa,4,2,2,0,0,0,0,0,2,10
AB de Villiers,JJ Bumrah,9,5,4,0,0,0,0,0,1,5
AJ Finch,MC Henriques,17,4,8,0,0,4,1,0,5,2
MC Henriques,MR Marsh,2,1,0,0,0,0,0,1,7,7
JP Duminy,DJ Bravo,8,2,3,1,0,1,0,1,2,3
SV Samson,STR Binny,3,1,2,0,0,0,0,0,4,4
KL Rahul,BCJ Cutting,3,1,1,0,0,0,0,1,2,3
Mohammed Shami,AD Russell,1,1,0,0,0,0,0,0,9,3
RG Sharma,PP Chawla,10,3,6,0,0,0,1,0,4,2
M Vohra,UT Yadav,3,1,1,1,0,0,0,0,2,9
AJ Finch,JJ Bumrah,9,1,4,3,0,1,0,0,5,5
S Dhawan,KJ Abbott,9,2,4,1,0,2,0,0,4,8
KL Rahul,AR Patel,3,1,1,0,0,1,0,0,2,3
KP Pietersen,P Sahu,1,1,0,0,0,0,0,0,2,2
GJ Maxwell,S Kaushik,2,1,0,0,0,0,0,1,5,9
AM Rahane,KJ Abbott,8,4,2,0,0,2,0,0,5,8
SV Samson,B Kumar,11,4,2,5,0,0,0,0,4,3
WP Saha,R Ashwin,4,0,4,0,0,0,0,0,4,2
SK Raina,CH Morris,12,5,4,1,0,1,0,1,4,3
GJ Maxwell,CH Morris,3,1,1,0,0,0,0,1,5,3
PV Tambe,CJ Jordan,1,1,0,0,0,0,0,0,9,3
F du Plessis,KJ Abbott,13,5,4,2,0,2,0,0,5,8
EJG Morgan,KJ Abbott,3,1,1,0,0,1,0,0,5,8
WP Saha,S Nadeem,4,0,2,2,0,0,0,0,4,9
KK Nair,R Ashwin,9,1,8,0,0,0,0,0,2,2
Sachin Baby,Sandeep Sharma,4,0,3,0,0,0,0,1,4,9
JP Duminy,DS Kulkarni,7,3,4,0,0,0,0,0,2,3
SS Tiwary,Gurkeerat Singh,7,4,1,0,0,0,1,1,4,6
SPD Smith,DS Kulkarni,4,0,3,0,0,1,0,0,4,3
PA Patel,JD Unadkat,1,0,1,0,0,0,0,0,7,6
V Kohli,KJ Abbott,10,3,4,0,0,2,1,0,4,8
AM Rahane,CH Morris,4,1,2,0,0,1,0,0,5,3
JA Morkel,R Sathish,1,0,1,0,0,0,0,0,1,2
P Negi,MJ McClenaghan,7,6,1,0,0,0,0,0,7,2
P Kumar,YS Chahal,3,2,1,0,0,0,0,0,7,9
Imran Tahir,MJ McClenaghan,7,5,0,0,0,1,0,1,3,2
V Kohli,A Zampa,13,2,6,0,0,3,2,0,4,10
UBT Chand,MM Sharma,5,4,0,0,0,0,0,1,8,2
RA Jadeja,HH Pandya,4,3,0,0,0,1,0,0,7,5
DJ Hooda,JO Holder,2,0,1,0,0,0,1,0,5,5
P Negi,CJ Jordan,4,3,1,0,0,0,0,0,7,3
AB de Villiers,RA Jadeja,31,11,14,0,0,3,3,0,1,2
AJ Finch,M Morkel,7,3,3,0,0,0,1,0,5,2
DR Smith,JA Morkel,6,4,0,1,0,1,0,0,5,5
WP Saha,KH Pandya,14,6,5,2,0,1,0,0,4,5
Sandeep Sharma,CH Morris,1,1,0,0,0,0,0,0,9,3
Q de Kock,P Kumar,16,9,4,0,0,2,1,0,4,2
Yuvraj Singh,SP Narine,15,11,1,1,0,2,0,0,4,9
KA Pollard,CH Morris,7,4,2,0,0,0,0,1,2,3
Gurkeerat Singh,SR Watson,6,3,3,0,0,0,0,0,5,9
AP Tare,AB Dinda,4,3,0,0,0,0,0,1,3,3
MM Sharma,AD Russell,1,0,1,0,0,0,0,0,7,3
M Vohra,P Negi,4,1,0,1,0,1,0,1,2,4
KV Sharma,Kuldeep Yadav,2,2,0,0,0,0,0,0,7,7
YK Pathan,DS Kulkarni,11,4,2,2,0,2,0,1,4,3
JC Buttler,STR Binny,2,0,2,0,0,0,0,0,2,4
KP Pietersen,JP Faulkner,4,1,2,0,0,1,0,0,2,8
WP Saha,A Zampa,3,1,1,0,0,0,0,1,4,10
KA Pollard,VR Aaron,9,3,5,0,1,0,0,0,2,4
MC Henriques,TG Southee,6,4,1,0,0,0,0,1,7,9
NLTC Perera,R Sathish,6,2,2,0,0,0,1,1,2,2
SS Tiwary,Imran Tahir,6,2,2,1,0,0,0,1,4,5
MK Pandey,A Ashish Reddy,2,0,2,0,0,0,0,0,2,3
TG Southee,Mustafizur Rahman,4,1,2,0,0,0,0,1,4,2
SS Iyer,KH Pandya,3,1,2,0,0,0,0,0,9,5
DA Warner,JP Duminy,8,3,3,1,0,1,0,0,5,5
S Dhawan,MR Marsh,7,2,4,1,0,0,0,0,4,7
TM Head,TG Southee,3,3,0,0,0,0,0,0,4,9
P Kumar,Sandeep Sharma,4,2,2,0,0,0,0,0,7,9
KD Karthik,NLTC Perera,3,0,2,0,0,1,0,0,2,2
RV Uthappa,DR Smith,3,2,0,0,0,0,0,1,4,3
EJG Morgan,MR Marsh,3,2,0,0,0,0,0,1,5,7
CH Morris,P Kumar,3,1,2,0,0,0,0,0,1,2
F du Plessis,M Morkel,5,4,1,0,0,0,0,0,5,2
DR Smith,NLTC Perera,6,2,2,0,0,1,0,1,5,2
SK Raina,MJ McClenaghan,17,6,4,0,0,5,1,1,4,2
RR Pant,UT Yadav,1,0,1,0,0,0,0,0,4,9
BCJ Cutting,CJ Jordan,5,2,2,0,0,1,0,0,1,3
BB Sran,A Zampa,1,0,1,0,0,0,0,0,3,10
AT Rayudu,BB Sran,7,3,1,1,0,1,0,1,5,3
V Kohli,Z Khan,21,5,8,2,0,5,1,0,4,9
CR Brathwaite,AD Russell,3,1,0,0,0,0,1,1,1,3
MJ McClenaghan,Mustafizur Rahman,7,3,2,0,0,1,0,1,2,2
PA Patel,DJ Bravo,3,0,2,1,0,0,0,0,7,3
JP Duminy,S Kaushik,5,1,1,1,0,2,0,0,2,9
SV Samson,Mustafizur Rahman,6,1,5,0,0,0,0,0,4,2
Shakib Al Hasan,NLTC Perera,2,1,1,0,0,0,0,0,4,2
SK Raina,JO Holder,6,2,2,0,0,2,0,0,4,5
KH Pandya,DR Smith,4,2,0,0,0,1,0,1,1,3
RR Pant,B Kumar,6,3,2,0,0,0,1,0,4,3
SV Samson,SM Boland,8,3,2,1,0,1,0,1,4,9
DA Warner,KA Pollard,3,1,2,0,0,0,0,0,5,6
MR Marsh,DJ Bravo,5,2,2,1,0,0,0,0,9,3
MA Agarwal,A Nehra,2,1,0,0,0,0,0,1,7,3
NV Ojha,YS Chahal,4,3,0,0,0,0,0,1,7,9
UT Khawaja,Mohammed Shami,5,1,2,1,0,1,0,0,4,2
HM Amla,TG Southee,6,5,0,0,0,0,0,1,5,9
SA Yadav,AR Patel,4,2,2,0,0,0,0,0,4,3
AD Russell,Mohammed Shami,6,4,1,0,0,0,1,0,1,2
MS Dhoni,YS Chahal,5,2,3,0,0,0,0,0,2,9
M Vijay,AB Dinda,8,4,2,1,0,1,0,0,2,3
Yuvraj Singh,KA Pollard,5,1,1,1,0,1,1,0,4,6
S Dhawan,MM Sharma,12,7,5,0,0,0,0,0,4,2
V Kohli,R Bhatia,21,4,12,1,0,3,1,0,4,2
Sachin Baby,AD Russell,2,1,0,0,0,0,0,1,4,3
MK Pandey,BCJ Cutting,4,0,4,0,0,0,0,0,2,3
R Vinay Kumar,M Ashwin,2,1,1,0,0,0,0,0,7,2
G Gambhir,S Aravind,19,9,6,0,0,3,0,1,5,9
SS Tiwary,A Nehra,5,2,1,0,0,1,0,1,4,3
V Kohli,BCJ Cutting,10,3,5,1,0,1,0,0,4,3
DA Miller,MJ McClenaghan,9,4,4,0,0,1,0,0,5,2
Z Khan,JJ Bumrah,3,1,2,0,0,0,0,0,9,5
NV Ojha,JO Holder,8,4,3,0,0,0,0,1,7,5
PP Chawla,JA Morkel,2,0,2,0,0,0,0,0,7,5
GJ Maxwell,M Morkel,7,4,1,0,0,2,0,0,5,2
SV Samson,P Kumar,3,2,1,0,0,0,0,0,4,2
SS Iyer,MJ McClenaghan,8,4,2,0,0,1,1,0,9,2
C Munro,Mustafizur Rahman,3,1,2,0,0,0,0,0,3,2
SA Yadav,NLTC Perera,9,4,3,0,0,2,0,0,4,2
YK Pathan,B Kumar,5,1,4,0,0,0,0,0,4,3
G Gambhir,Mohammed Shami,2,0,2,0,0,0,0,0,5,2
G Gambhir,MJ McClenaghan,26,8,11,3,0,3,0,1,5,2
KL Rahul,SP Narine,9,2,3,0,0,3,1,0,2,9
MS Dhoni,Imran Tahir,9,6,2,0,0,0,0,1,2,5
JA Morkel,PP Chawla,2,1,1,0,0,0,0,0,1,2
YK Pathan,VR Aaron,6,1,2,1,0,1,1,0,4,4
S Dhawan,RA Jadeja,16,6,5,4,1,0,0,0,4,2
SR Watson,UT Yadav,5,0,3,0,0,1,0,1,4,9
SA Yadav,JA Morkel,7,3,1,0,0,3,0,0,4,5
KK Nair,DS Kulkarni,4,1,1,0,0,1,0,1,2,3
MS Dhoni,Mohammed Shami,5,0,2,1,0,1,1,0,2,2
KD Karthik,STR Binny,2,0,2,0,0,0,0,0,2,4
S Dhawan,Harbhajan Singh,5,1,3,0,0,1,0,0,4,5
DJ Bravo,JJ Bumrah,3,2,0,0,0,0,0,1,5,5
YK Pathan,KV Sharma,6,2,1,1,0,0,2,0,4,7
MK Pandey,VR Aaron,4,1,3,0,0,0,0,0,2,4
EJG Morgan,GJ Maxwell,3,1,2,0,0,0,0,0,5,6
F du Plessis,AR Patel,9,4,3,1,0,1,0,0,5,3
S Dhawan,JO Holder,9,4,3,1,0,0,1,0,4,5
KL Rahul,B Kumar,8,2,2,1,0,3,0,0,2,3
SE Marsh,M Ashwin,2,1,0,0,0,0,0,1,4,2
G Gambhir,Bipul Sharma,3,0,3,0,0,0,0,0,5,3
AT Rayudu,SR Watson,15,7,5,1,0,2,0,0,5,9
SW Billings,JO Holder,4,1,2,0,0,0,1,0,4,5
G Gambhir,JJ Bumrah,8,3,4,1,0,0,0,0,5,5
V Kohli,MM Sharma,9,1,4,0,0,4,0,0,4,2
SA Yadav,DJ Bravo,2,0,1,0,0,1,0,0,4,3
AD Russell,MJ McClenaghan,3,1,1,0,0,0,0,1,1,2
S Dhawan,DJ Bravo,18,4,9,1,0,4,0,0,4,3
M Vohra,Shakib Al Hasan,5,4,1,0,0,0,0,0,2,9
DR Smith,MJ McClenaghan,6,3,2,0,0,1,0,0,5,2
AB de Villiers,A Ashish Reddy,7,1,2,0,0,2,2,0,1,3
KS Williamson,J Yadav,1,0,1,0,0,0,0,0,7,5
S Dhawan,SP Narine,3,1,1,0,0,0,1,0,4,9
RA Jadeja,KC Cariappa,2,0,2,0,0,0,0,0,7,5
SE Marsh,MJ McClenaghan,3,0,2,1,0,0,0,0,4,2
RV Uthappa,Mustafizur Rahman,6,2,4,0,0,0,0,0,4,2
C Munro,KS Williamson,3,1,1,0,0,1,0,0,3,7
RV Uthappa,MM Sharma,12,2,7,0,0,3,0,0,4,2
TM Head,MM Sharma,1,0,1,0,0,0,0,0,4,2
AB de Villiers,Bipul Sharma,6,1,4,0,0,0,0,1,1,3
GJ Maxwell,GB Hogg,8,0,3,1,0,2,2,0,5,5
Q de Kock,DS Kulkarni,10,6,1,0,0,2,0,1,4,3
BB McCullum,BCJ Cutting,4,1,2,0,0,1,0,0,5,3
B Kumar,CH Morris,2,1,1,0,0,0,0,0,1,3
MC Henriques,CR Brathwaite,6,3,2,0,0,1,0,0,7,3
SE Marsh,TG Southee,4,2,1,0,0,0,0,1,4,9
MG Johnson,MJ McClenaghan,3,1,1,0,0,0,0,1,9,2
Sachin Baby,M Morkel,1,0,1,0,0,0,0,0,4,2
R Ashwin,Mustafizur Rahman,5,0,3,1,0,1,0,0,7,2
BCJ Cutting,SR Watson,14,6,1,0,0,2,4,1,1,9
Shakib Al Hasan,Mustafizur Rahman,6,3,2,1,0,0,0,0,4,2
Harbhajan Singh,MM Sharma,7,3,2,0,0,1,1,0,5,2
UT Yadav,Z Khan,4,1,1,0,0,0,0,2,6,9
F du Plessis,Sandeep Sharma,9,3,4,0,0,2,0,0,5,9
BCJ Cutting,Kuldeep Yadav,2,1,0,0,0,0,0,1,1,7
RA Jadeja,A Nehra,3,0,2,0,0,1,0,0,7,3
RG Sharma,DS Kulkarni,12,5,1,0,0,2,2,2,4,3
WP Saha,Iqbal Abdulla,5,1,3,1,0,0,0,0,4,5
CH Gayle,Mustafizur Rahman,4,2,2,0,0,0,0,0,5,2
BB McCullum,PP Chawla,9,5,3,0,0,0,0,1,5,2
MJ McClenaghan,MC Henriques,3,1,2,0,0,0,0,0,2,2
M Vijay,Z Khan,8,6,2,0,0,0,0,0,2,9
NV Ojha,AD Russell,6,3,0,2,0,1,0,0,7,3
RR Pant,Mustafizur Rahman,20,7,7,1,0,3,2,0,4,2
MM Sharma,CH Gayle,7,1,5,0,0,1,0,0,7,3
SA Yadav,R Ashwin,11,5,4,0,0,0,2,0,4,2
SPD Smith,PP Chawla,7,1,4,2,0,0,0,0,4,2
RG Sharma,Kuldeep Yadav,12,4,6,1,0,0,1,0,4,7
RV Uthappa,CH Morris,20,11,4,1,0,3,0,1,4,3
JC Buttler,SP Narine,7,5,0,0,0,1,0,1,2,9
S Dhawan,R Ashwin,19,7,8,3,0,0,0,1,4,2
SV Samson,MM Sharma,16,9,3,2,0,2,0,0,4,2
BB Sran,AS Rajpoot,2,0,2,0,0,0,0,0,3,3
SK Raina,DJ Hooda,10,1,7,1,0,1,0,0,4,3
AM Rahane,P Kumar,18,9,6,0,0,2,0,1,5,2
ER Dwivedi,B Kumar,7,4,1,0,0,1,0,1,1,3
S Dhawan,Kuldeep Yadav,4,2,1,0,0,0,0,1,4,7
M Vijay,DJ Bravo,7,2,4,1,0,0,0,0,2,3
SK Raina,PP Chawla,2,0,2,0,0,0,0,0,4,2
CJ Jordan,B Kumar,1,0,1,0,0,0,0,0,3,3
GJ Bailey,NM Coulter-Nile,6,4,2,0,0,0,0,0,3,2
R Sathish,A Mishra,4,3,1,0,0,0,0,0,7,3
KJ Abbott,AD Russell,3,0,1,0,1,0,1,0,2,3
F du Plessis,A Nehra,9,7,1,0,0,1,0,0,5,3
KL Rahul,MP Stoinis,7,0,3,0,0,3,1,0,2,2
UT Khawaja,STR Binny,1,0,0,0,0,1,0,0,4,4
MS Dhoni,AR Patel,18,9,1,2,1,1,4,0,2,3
TM Head,HH Pandya,5,2,2,0,0,0,1,0,4,5
EJG Morgan,Z Khan,3,1,2,0,0,0,0,0,5,9
HH Pandya,I Sharma,11,9,0,0,0,2,0,0,3,5
YK Pathan,PV Tambe,7,2,3,1,0,1,0,0,4,2
KV Sharma,AD Russell,2,0,2,0,0,0,0,0,7,3
AJ Finch,P Sahu,8,1,4,0,0,2,0,1,5,2
JP Duminy,P Kumar,6,4,1,1,0,0,0,0,2,2
M Vohra,J Yadav,3,1,1,1,0,0,0,0,2,5
SPD Smith,Sandeep Sharma,3,1,2,0,0,0,0,0,4,9
AJ Finch,R Bhatia,5,3,0,0,0,0,2,0,5,2
JP Duminy,YS Chahal,1,0,1,0,0,0,0,0,2,9
SS Tiwary,JJ Bumrah,10,4,1,2,0,2,0,1,4,5
CH Gayle,B Kumar,11,8,1,0,0,1,0,1,5,3
EJG Morgan,PP Chawla,3,1,0,1,0,1,0,0,5,2
AM Rahane,P Negi,2,0,2,0,0,0,0,0,5,4
Shakib Al Hasan,B Kumar,2,1,0,0,0,0,0,1,4,3
KK Nair,SM Boland,5,1,2,0,0,2,0,0,2,9
DR Smith,HH Pandya,3,1,1,0,0,1,0,0,5,5
Q de Kock,Sandeep Sharma,9,5,3,0,0,1,0,0,4,9
AM Rahane,HV Patel,4,1,3,0,0,0,0,0,5,8
SR Watson,P Negi,4,1,1,1,0,0,0,1,4,4
G Gambhir,R Ashwin,2,1,0,0,0,0,0,1,5,2
Gurkeerat Singh,AD Russell,5,1,2,0,0,0,0,2,5,3
AJ Finch,VR Aaron,9,4,2,1,0,2,0,0,5,4
SK Raina,R Vinay Kumar,9,5,2,0,0,2,0,0,4,2
SK Raina,B Kumar,20,7,4,1,0,5,1,2,4,3
V Kohli,AR Patel,12,6,3,1,0,2,0,0,4,3
SK Raina,MC Henriques,9,1,7,1,0,0,0,0,4,2
S Dhawan,RP Singh,7,3,1,1,0,1,1,0,4,2
KS Williamson,JP Duminy,2,1,1,0,0,0,0,0,7,5
EJG Morgan,A Mishra,2,0,2,0,0,0,0,0,5,3
M Vohra,JJ Bumrah,4,1,2,0,0,0,0,1,2,5
DR Smith,JJ Bumrah,7,3,3,0,0,1,0,0,5,5
SS Tiwary,KJ Abbott,4,3,0,1,0,0,0,0,4,8
AD Russell,TG Southee,13,5,2,3,0,0,2,1,1,9
AB de Villiers,KV Sharma,7,1,4,0,0,0,2,0,1,7
RG Sharma,KW Richardson,8,5,2,0,0,1,0,0,4,7
JC Buttler,Sandeep Sharma,6,3,1,1,0,1,0,0,2,9
MK Pandey,TG Southee,1,0,1,0,0,0,0,0,2,9
P Negi,CH Gayle,7,3,3,0,0,0,0,1,7,3
Bipul Sharma,P Kumar,5,1,1,2,0,0,1,0,1,2
STR Binny,SB Jakati,6,3,0,0,0,2,1,0,4,4
KD Karthik,R Bhatia,4,0,3,1,0,0,0,0,2,2
MM Sharma,YS Chahal,3,1,1,0,0,1,0,0,7,9
MS Dhoni,Mustafizur Rahman,6,1,3,2,0,0,0,0,2,2
M Vijay,AD Russell,4,2,2,0,0,0,0,0,2,3
NV Ojha,R Ashwin,7,4,3,0,0,0,0,0,7,2
KL Rahul,TG Southee,11,4,5,1,0,1,0,0,2,9
SK Raina,MP Stoinis,9,6,0,0,0,1,1,1,4,2
KK Nair,SP Narine,15,8,3,0,0,4,0,0,2,9
S Dhawan,C Munro,3,0,2,0,0,1,0,0,4,10
DJ Hooda,AR Patel,7,1,3,2,0,0,1,0,5,3
DJ Bravo,Mustafizur Rahman,4,3,1,0,0,0,0,0,5,2
Q de Kock,SR Watson,12,4,4,1,0,2,0,1,4,9
G Gambhir,HH Pandya,11,3,5,1,0,1,0,1,5,5
AD Nath,B Kumar,2,1,0,0,0,0,0,1,3,3
SV Samson,MP Stoinis,8,1,3,1,0,2,0,1,4,2
RG Sharma,Z Khan,19,9,7,0,0,2,0,1,4,9
AR Patel,M Morkel,4,0,2,1,0,1,0,0,5,2
Yuvraj Singh,JJ Bumrah,6,3,3,0,0,0,0,0,4,5
CH Gayle,CH Morris,2,1,0,0,0,0,0,1,5,3
S Dhawan,DW Steyn,4,3,1,0,0,0,0,0,4,6
Z Khan,PP Chawla,4,4,0,0,0,0,0,0,9,2
YK Pathan,SB Jakati,14,6,8,0,0,0,0,0,4,4
NS Naik,DJ Hooda,2,2,0,0,0,0,0,0,9,3
Sachin Baby,DS Kulkarni,3,2,0,0,0,0,0,1,4,3
N Rana,DS Kulkarni,4,0,1,1,0,1,1,0,2,3
SS Tiwary,P Kumar,1,1,0,0,0,0,0,0,4,2
MS Dhoni,PP Chawla,9,5,3,1,0,0,0,0,2,2
G Gambhir,A Ashish Reddy,5,0,3,0,0,2,0,0,5,3
Q de Kock,SK Raina,13,5,7,1,0,0,0,0,4,1
KK Nair,D Wiese,17,7,6,1,0,3,0,0,2,10
SE Marsh,BB Sran,4,1,3,0,0,0,0,0,4,3
PA Patel,GJ Maxwell,1,0,1,0,0,0,0,0,7,6
KD Karthik,Z Khan,7,3,1,1,1,1,0,0,2,9
AT Rayudu,Mustafizur Rahman,13,3,5,3,0,2,0,0,5,2
KD Karthik,Iqbal Abdulla,19,6,5,4,0,4,0,0,2,5
Q de Kock,B Kumar,12,9,2,1,0,0,0,0,4,3
RA Jadeja,MG Johnson,2,1,1,0,0,0,0,0,7,2
MC Henriques,Parvez Rasool,7,4,3,0,0,0,0,0,7,4
SK Raina,NLTC Perera,8,1,3,2,0,1,0,1,4,2
Gurkeerat Singh,VR Aaron,2,0,1,0,0,1,0,0,5,4
Shakib Al Hasan,DS Kulkarni,8,4,3,1,0,0,0,0,4,3
AJ Finch,R Ashwin,5,4,1,0,0,0,0,0,5,2
KA Pollard,MG Johnson,3,0,2,1,0,0,0,0,2,2
Q de Kock,JJ Bumrah,1,0,1,0,0,0,0,0,4,5
R Dhawan,Mustafizur Rahman,2,0,1,1,0,0,0,0,6,2
KH Pandya,B Kumar,11,4,1,4,0,2,0,0,1,3
AT Rayudu,Mohammed Shami,5,2,0,0,0,3,0,0,5,2
DA Warner,GJ Maxwell,8,4,1,1,0,1,1,0,5,6
AB de Villiers,CR Brathwaite,2,1,0,0,0,0,0,1,1,3
SK Raina,I Sharma,6,0,4,1,0,1,0,0,4,5
NLTC Perera,BB Sran,2,0,2,0,0,0,0,0,2,3
Yuvraj Singh,R Ashwin,7,5,2,0,0,0,0,0,4,2
Iqbal Abdulla,B Kumar,2,1,0,0,0,1,0,0,2,3
WP Saha,M Ashwin,1,0,1,0,0,0,0,0,4,2
AB de Villiers,BB Sran,18,7,5,3,0,2,0,1,1,3
CH Morris,NLTC Perera,5,0,1,0,0,2,2,0,1,2
KA Pollard,SP Narine,1,0,1,0,0,0,0,0,2,9
DJ Hooda,T Shamsi,1,0,1,0,0,0,0,0,5,9
AD Russell,VR Aaron,8,5,1,1,0,0,1,0,1,4
MC Henriques,RA Jadeja,1,0,1,0,0,0,0,0,7,2
RV Uthappa,JA Morkel,2,1,0,0,0,0,0,1,4,5
DJ Bravo,Z Khan,2,0,1,1,0,0,0,0,5,9
Z Khan,KH Pandya,2,1,0,0,0,0,0,1,9,5
AD Russell,JJ Bumrah,14,5,3,2,0,3,1,0,1,5
KL Rahul,I Sharma,7,4,2,0,0,1,0,0,2,5
MS Dhoni,MJ McClenaghan,5,2,2,0,0,1,0,0,2,2
SV Samson,KA Pollard,3,0,2,1,0,0,0,0,4,6
WP Saha,TG Southee,5,1,2,0,0,2,0,0,4,9
SK Raina,JJ Bumrah,11,5,2,1,0,1,1,1,4,5
SPD Smith,Bipul Sharma,2,0,1,0,0,1,0,0,4,3
G Gambhir,J Suchith,6,1,3,1,0,0,1,0,5,6
M Ashwin,KW Richardson,2,1,0,0,0,0,0,1,10,7
G Gambhir,KS Williamson,3,1,2,0,0,0,0,0,5,7
AB de Villiers,P Negi,10,3,5,0,0,2,0,0,1,4
MS Dhoni,B Kumar,3,0,2,0,0,1,0,0,2,3
AM Rahane,JP Duminy,4,0,3,0,0,1,0,0,5,5
YK Pathan,Swapnil Singh,2,0,2,0,0,0,0,0,4,1
M Vohra,IK Pathan,1,0,1,0,0,0,0,0,2,6
A Mishra,JJ Bumrah,3,2,0,0,0,0,0,1,10,5
Gurkeerat Singh,YS Chahal,7,2,3,0,0,1,0,1,5,9
AR Patel,AD Russell,3,0,1,0,0,0,2,0,5,3
AJ Finch,Shakib Al Hasan,5,0,2,1,0,1,1,0,5,9
SR Watson,MC Henriques,7,3,2,0,0,0,1,1,4,2
SV Samson,A Nehra,2,1,1,0,0,0,0,0,4,3
SP Narine,B Kumar,3,2,1,0,0,0,0,0,9,3
AB de Villiers,Ankit Sharma,10,0,7,1,0,1,1,0,1,8
RG Sharma,YS Chahal,5,0,5,0,0,0,0,0,4,9
SV Samson,KH Pandya,18,4,12,1,0,1,0,0,4,5
A Ashish Reddy,M Morkel,1,0,1,0,0,0,0,0,1,2
SK Raina,MG Johnson,3,2,1,0,0,0,0,0,4,2
UT Khawaja,Shakib Al Hasan,3,1,1,0,0,0,0,1,4,9
V Kohli,Anureet Singh,5,2,3,0,0,0,0,0,4,10
Q de Kock,R Vinay Kumar,7,1,2,0,0,3,1,0,4,2
DA Miller,YS Chahal,4,2,1,0,0,0,0,1,5,9
N Rana,AR Patel,4,1,3,0,0,0,0,0,2,3
AM Rahane,Harbhajan Singh,6,1,4,1,0,0,0,0,5,5
MS Dhoni,DJ Bravo,13,2,4,3,0,3,1,0,2,3
PP Chawla,SB Jakati,2,0,2,0,0,0,0,0,7,4
A Ashish Reddy,Parvez Rasool,9,2,4,0,0,2,1,0,1,4
YK Pathan,AB Dinda,3,1,1,0,0,1,0,0,4,3
RG Sharma,GB Hogg,10,3,3,1,0,3,0,0,4,5
F du Plessis,GJ Maxwell,2,1,1,0,0,0,0,0,5,6
M Vijay,Iqbal Abdulla,11,2,4,2,0,3,0,0,2,5
DR Smith,AD Russell,8,5,2,0,0,1,0,0,5,3
RG Sharma,I Sharma,2,1,0,0,0,0,0,1,4,5
KD Karthik,AB Dinda,4,2,0,0,0,1,0,1,2,3
AM Rahane,CR Brathwaite,5,0,3,1,0,1,0,0,5,3
NM Coulter-Nile,JW Hastings,1,0,1,0,0,0,0,0,9,5
AM Rahane,S Gopal,10,3,5,1,0,1,0,0,5,1
BB McCullum,R Vinay Kumar,5,2,2,0,0,1,0,0,5,2
RV Uthappa,BB Sran,19,8,4,2,0,3,0,2,4,3
GJ Maxwell,MJ McClenaghan,6,2,2,1,0,0,0,1,5,2
Shakib Al Hasan,RA Jadeja,8,3,5,0,0,0,0,0,4,2
TG Southee,DJ Bravo,8,1,2,2,0,1,1,1,4,3
RV Uthappa,MJ McClenaghan,8,2,3,1,1,0,0,1,4,2
S Dhawan,S Aravind,7,4,2,0,0,1,0,0,4,9
KA Pollard,A Mishra,9,4,3,2,0,0,0,0,2,3
RR Pant,MM Sharma,2,2,0,0,0,0,0,0,4,2
DR Smith,STR Binny,8,3,4,0,0,1,0,0,5,4
Gurkeerat Singh,KV Sharma,2,0,2,0,0,0,0,0,5,7
Harbhajan Singh,P Kumar,3,2,0,0,0,0,0,1,5,2
AJ Finch,Z Khan,1,1,0,0,0,0,0,0,5,9
N Rana,VR Aaron,7,6,0,0,0,0,1,0,2,4
YK Pathan,RA Jadeja,18,2,10,1,0,4,1,0,4,2
RR Pant,Harbhajan Singh,4,1,2,0,0,0,1,0,4,5
SK Raina,Iqbal Abdulla,4,2,2,0,0,0,0,0,4,5
RR Pant,AD Russell,4,1,1,1,0,0,0,1,4,3
UT Khawaja,AR Patel,2,0,2,0,0,0,0,0,4,3
DR Smith,CJ Jordan,6,2,3,0,0,0,1,0,5,3
TM Head,Sandeep Sharma,8,3,0,3,0,1,0,1,4,9
SPD Smith,MJ McClenaghan,4,1,0,0,1,1,1,0,4,2
TG Southee,MC Henriques,1,0,1,0,0,0,0,0,4,2
NLTC Perera,KJ Abbott,6,2,0,1,0,2,1,0,2,8
PA Patel,UT Yadav,2,1,0,0,0,0,0,1,7,9
YK Pathan,Ankit Sharma,7,2,5,0,0,0,0,0,4,8
SN Khan,Mustafizur Rahman,5,1,1,1,0,1,1,0,6,2
PA Patel,S Aravind,2,1,0,0,0,0,0,1,7,9
G Gambhir,KJ Abbott,8,3,4,0,0,1,0,0,5,8
CR Brathwaite,UT Yadav,6,1,1,0,0,3,1,0,1,9
MS Dhoni,TG Southee,4,0,1,2,0,1,0,0,2,9
DR Smith,KW Richardson,5,2,1,0,0,0,1,1,5,7
UT Khawaja,Parvez Rasool,5,2,0,1,0,1,1,0,4,4
GJ Maxwell,TG Southee,9,3,3,1,0,1,1,0,5,9
M Vijay,JP Faulkner,4,1,2,1,0,0,0,0,2,8
BB McCullum,B Kumar,9,4,4,1,0,0,0,0,5,3
SR Watson,DS Kulkarni,7,4,1,0,0,1,0,1,4,3
M Vijay,SP Narine,2,1,1,0,0,0,0,0,2,9
GJ Maxwell,DJ Bravo,4,2,1,0,0,0,0,1,5,3
DA Warner,JJ Bumrah,12,4,6,0,0,1,1,0,5,5
AM Rahane,MJ McClenaghan,14,8,1,0,0,3,1,1,5,2
HH Pandya,MM Sharma,2,1,0,0,0,0,0,1,3,2
JP Duminy,R Ashwin,18,5,11,1,0,1,0,0,2,2
JC Buttler,GB Hogg,6,1,2,1,0,1,1,0,2,5
AB de Villiers,Harbhajan Singh,14,4,7,0,0,2,1,0,1,5
V Kohli,AD Russell,14,4,6,1,0,2,1,0,4,3
AD Russell,Sandeep Sharma,10,4,4,0,0,1,0,1,1,9
Harbhajan Singh,M Ashwin,11,7,1,2,0,1,0,0,5,2
Iqbal Abdulla,P Kumar,2,1,0,1,0,0,0,0,2,2
Q de Kock,RA Jadeja,2,0,2,0,0,0,0,0,4,2
Yuvraj Singh,NM Coulter-Nile,5,4,1,0,0,0,0,0,4,2
STR Binny,UT Yadav,5,1,0,0,0,1,2,1,4,9
RG Sharma,A Nehra,2,1,0,0,0,0,0,1,4,3
DR Smith,PP Chawla,1,0,1,0,0,0,0,0,5,2
MK Pandey,HH Pandya,3,0,2,0,0,0,1,0,2,5
CH Morris,R Vinay Kumar,9,4,3,0,0,0,1,1,1,2
R Sathish,JA Morkel,4,1,1,0,0,0,1,1,7,5
MK Pandey,NM Coulter-Nile,3,0,1,0,0,2,0,0,2,2
AJ Finch,BB Sran,16,4,8,0,0,3,1,0,5,3
S Dhawan,R Bhatia,15,4,8,1,0,1,1,0,4,2
SK Raina,Sandeep Sharma,3,1,0,0,1,0,1,0,4,9
MA Agarwal,B Kumar,8,4,2,0,0,2,0,0,7,3
DJ Bravo,MM Sharma,2,0,2,0,0,0,0,0,5,2
AM Rahane,J Yadav,13,6,6,0,0,1,0,0,5,5
R Sathish,CR Brathwaite,4,1,1,0,0,1,0,1,7,3
DA Warner,YS Chahal,14,2,5,2,0,3,2,0,5,9
KJ Abbott,YS Chahal,2,1,0,0,0,0,0,1,2,9
C Munro,DJ Hooda,6,2,2,0,0,1,0,1,3,3
KK Nair,MJ McClenaghan,1,0,1,0,0,0,0,0,2,2
SE Marsh,Shakib Al Hasan,10,4,3,2,0,1,0,0,4,9
AM Rahane,TG Southee,4,2,1,0,1,0,0,0,5,9
RA Jadeja,JP Duminy,4,1,2,0,0,0,0,1,7,5
DJ Bravo,AR Patel,2,1,0,0,0,0,0,1,5,3
RV Uthappa,P Kumar,11,5,5,0,0,1,0,0,4,2
SK Raina,HH Pandya,4,1,2,0,0,0,1,0,4,5
Yuvraj Singh,DS Kulkarni,7,6,0,0,0,0,0,1,4,3
AJ Finch,JO Holder,6,4,2,0,0,0,0,0,5,5
SS Iyer,AB Dinda,5,2,2,0,0,0,0,1,9,3
KL Rahul,RA Jadeja,7,3,3,0,0,1,0,0,2,2
F Behardien,YS Chahal,2,1,0,0,0,0,0,1,3,9
SK Raina,M Ashwin,13,4,6,2,0,0,0,1,4,2
JC Buttler,Imran Tahir,2,0,1,1,0,0,0,0,2,5
AD Russell,YS Chahal,19,9,5,2,0,1,1,1,1,9
AB de Villiers,MM Sharma,5,0,1,2,0,2,0,0,1,2
MC Henriques,AF Milne,2,1,0,0,0,0,0,1,7,3
R Ashwin,MM Sharma,3,1,2,0,0,0,0,0,7,2
AJ Finch,Mustafizur Rahman,12,6,3,2,0,0,1,0,5,2
AM Rahane,R Sathish,9,1,6,1,0,0,0,1,5,2
AM Rahane,T Shamsi,12,5,4,0,0,2,0,1,5,9
JO Holder,CH Morris,2,1,0,0,0,0,0,1,2,3
G Gambhir,Mustafizur Rahman,16,6,7,1,0,1,1,0,5,2
KH Pandya,Mustafizur Rahman,6,1,3,1,0,1,0,0,1,2
KD Karthik,R Vinay Kumar,3,1,1,0,0,0,0,1,2,2
SV Samson,GB Hogg,6,3,2,0,0,0,0,1,4,5
Ishan Kishan,P Sahu,4,2,0,1,0,1,0,0,3,2
GJ Bailey,SR Watson,3,2,0,0,0,0,0,1,3,9
RG Sharma,P Kumar,16,10,2,1,0,3,0,0,4,2
SPD Smith,JJ Bumrah,2,1,0,0,0,0,0,1,4,5
M Vohra,S Ladda,4,0,2,0,0,1,1,0,2,1
DW Steyn,B Kumar,3,1,1,0,0,0,0,1,3,3
AD Nath,JJ Bumrah,3,1,1,1,0,0,0,0,3,5
JP Faulkner,MM Sharma,6,0,2,3,0,1,0,0,2,2
RG Sharma,STR Binny,9,5,3,0,0,1,0,0,4,4
Q de Kock,Mustafizur Rahman,5,2,2,0,0,1,0,0,4,2
F du Plessis,S Gopal,3,0,3,0,0,0,0,0,5,1
AB de Villiers,P Kumar,18,5,6,0,0,2,5,0,1,2
AM Rahane,Imran Tahir,8,2,6,0,0,0,0,0,5,5
MC Henriques,AR Patel,3,1,1,0,0,1,0,0,7,3
KM Jadhav,Mohammed Shami,5,3,2,0,0,0,0,0,2,2
KL Rahul,Bipul Sharma,4,0,3,0,0,1,0,0,2,3
M Vijay,KH Pandya,10,2,5,0,0,2,1,0,2,5
Sachin Baby,A Nehra,2,1,0,0,0,0,0,1,4,3
AJ Finch,Harbhajan Singh,9,3,2,1,0,2,1,0,5,5
Q de Kock,MC Henriques,4,1,2,0,0,0,0,1,4,2
JP Duminy,MJ McClenaghan,6,1,2,1,0,2,0,0,2,2
GJ Maxwell,KH Pandya,5,2,1,2,0,0,0,0,5,5
KS Williamson,DS Kulkarni,5,3,1,0,0,1,0,0,7,3
KL Rahul,Anureet Singh,7,2,4,1,0,0,0,0,2,10
HM Amla,BCJ Cutting,3,1,1,0,0,1,0,0,5,3
SA Yadav,P Kumar,9,8,0,1,0,0,0,0,4,2
KK Nair,B Kumar,11,7,1,0,0,3,0,0,2,3
R Vinay Kumar,P Kumar,1,0,1,0,0,0,0,0,7,2
CH Gayle,SP Narine,10,5,1,0,0,2,1,1,5,9
GJ Maxwell,KA Pollard,6,0,3,1,0,2,0,0,5,6
NLTC Perera,YS Chahal,3,0,1,0,0,1,1,0,2,9
Iqbal Abdulla,DR Smith,3,1,1,1,0,0,0,0,2,3
SV Samson,JO Holder,11,6,2,1,0,2,0,0,4,5
YK Pathan,DR Smith,8,3,4,0,0,1,0,0,4,3
KD Karthik,GB Hogg,8,2,1,0,0,4,0,1,2,5
KL Rahul,BB Sran,6,1,3,0,0,1,1,0,2,3
DR Smith,BCJ Cutting,4,2,1,0,0,0,0,1,5,3
MP Stoinis,P Kumar,8,1,4,2,0,1,0,0,2,2
Gurkeerat Singh,PP Chawla,3,2,1,0,0,0,0,0,5,2
MC Henriques,YS Chahal,7,2,4,0,0,1,0,0,7,9
JC Buttler,MC Henriques,3,1,1,0,0,1,0,0,2,2
P Negi,SM Boland,3,0,3,0,0,0,0,0,7,9
SV Samson,Sandeep Sharma,11,7,2,2,0,0,0,0,4,9
SPD Smith,RA Jadeja,15,6,5,2,0,0,1,1,4,2
KC Cariappa,DJ Bravo,1,1,0,0,0,0,0,0,2,3
S Dhawan,AF Milne,6,3,3,0,0,0,0,0,4,3
SR Watson,PP Chawla,2,2,0,0,0,0,0,0,4,2
JP Duminy,JJ Bumrah,15,3,5,3,0,2,1,1,2,5
DA Warner,AR Patel,7,1,3,2,0,0,0,1,5,3
AM Rahane,KW Richardson,6,3,2,0,0,1,0,0,5,7
R Bhatia,KW Richardson,4,1,0,2,0,0,0,1,6,7
Yuvraj Singh,Shakib Al Hasan,3,2,0,0,0,0,0,1,4,9
STR Binny,Mustafizur Rahman,4,0,2,0,0,0,1,1,4,2
WP Saha,RA Jadeja,4,1,3,0,0,0,0,0,4,2
DR Smith,S Nadeem,15,6,5,0,0,1,2,1,5,9
G Gambhir,Iqbal Abdulla,7,1,4,0,0,1,0,1,5,5
NM Coulter-Nile,NLTC Perera,1,0,1,0,0,0,0,0,9,2
JP Duminy,DR Smith,6,1,5,0,0,0,0,0,2,3
P Kumar,SR Watson,1,1,0,0,0,0,0,0,7,9
S Dhawan,TG Southee,17,7,4,3,1,1,0,1,4,9
S Dhawan,P Kumar,10,4,3,0,1,2,0,0,4,2
DA Warner,AB Dinda,12,8,2,1,0,0,0,1,5,3
KD Karthik,KH Pandya,5,1,2,1,0,0,0,1,2,5
WP Saha,UT Yadav,8,2,2,2,0,2,0,0,4,9
CH Gayle,MC Henriques,7,2,1,0,0,1,3,0,5,2
KA Pollard,R Bhatia,2,1,0,0,0,0,0,1,2,2
SE Marsh,Z Khan,6,4,0,1,0,1,0,0,4,9
R Bhatia,JJ Bumrah,2,0,1,1,0,0,0,0,6,5
TM Head,AB Dinda,1,0,1,0,0,0,0,0,4,3
Yuvraj Singh,CR Brathwaite,2,1,0,0,0,0,0,1,4,3
B Kumar,AB Dinda,5,2,1,0,0,1,1,0,1,3
KD Karthik,M Ashwin,4,1,1,1,0,1,0,0,2,2
SS Tiwary,JP Duminy,2,0,2,0,0,0,0,0,4,5
BB McCullum,TG Southee,3,2,0,0,0,0,1,0,5,9
G Gambhir,CH Morris,8,3,5,0,0,0,0,0,5,3
GJ Bailey,Yuvraj Singh,4,1,2,0,0,0,1,0,3,1
M Vohra,AD Russell,7,6,0,0,0,0,0,1,2,3
AP Tare,NLTC Perera,3,1,2,0,0,0,0,0,3,2
RR Pant,JJ Bumrah,4,1,1,1,0,0,0,1,4,5
P Negi,S Aravind,3,1,2,0,0,0,0,0,7,9
DJ Hooda,R Sathish,4,1,2,1,0,0,0,0,5,2
KH Pandya,BB Sran,8,4,2,0,0,1,0,1,1,3
JP Faulkner,AB Dinda,1,0,1,0,0,0,0,0,2,3
CH Morris,DR Smith,4,0,1,0,0,0,3,0,1,3
SE Marsh,M Morkel,7,2,3,0,0,2,0,0,4,2
V Kohli,Sandeep Sharma,16,5,2,2,0,5,1,1,4,9
CH Gayle,AS Rajpoot,4,3,1,0,0,0,0,0,5,3
DR Smith,AB Dinda,9,3,1,3,0,2,0,0,5,3
YK Pathan,KJ Abbott,6,2,1,1,0,2,0,0,4,8
D Wiese,CH Morris,2,0,2,0,0,0,0,0,5,3
MK Pandey,S Aravind,8,1,3,0,0,3,0,1,2,9
G Gambhir,P Sahu,12,6,4,1,0,0,0,1,5,2
AD Nath,KH Pandya,1,0,1,0,0,0,0,0,3,5
KK Nair,Mustafizur Rahman,15,8,4,2,0,1,0,0,2,2
KA Pollard,JD Unadkat,6,2,0,1,0,0,3,0,2,6
A Ashish Reddy,AD Russell,4,0,2,1,0,0,0,1,1,3
DJ Bravo,BCJ Cutting,3,1,1,0,0,1,0,0,5,3
MJ Guptill,CH Morris,5,2,2,0,0,0,1,0,7,3
Harbhajan Singh,R Ashwin,2,0,1,0,0,1,0,0,5,2
KL Rahul,J Yadav,1,0,1,0,0,0,0,0,2,5
SA Yadav,KH Pandya,5,1,4,0,0,0,0,0,4,5
MS Dhoni,P Negi,4,1,2,0,0,0,1,0,2,4
DJ Hooda,JJ Bumrah,3,1,1,1,0,0,0,0,5,5
HH Pandya,P Kumar,6,2,2,0,0,1,0,1,3,2
DA Warner,VR Aaron,7,2,4,0,0,1,0,0,5,4
RR Pant,P Kumar,2,0,2,0,0,0,0,0,4,2
MP Stoinis,A Mishra,6,2,3,1,0,0,0,0,2,3
MS Dhoni,HH Pandya,5,3,2,0,0,0,0,0,2,5
GJ Maxwell,UT Yadav,9,4,2,2,0,1,0,0,5,9
KD Karthik,KC Cariappa,2,1,1,0,0,0,0,0,2,5
PA Patel,JP Faulkner,3,1,2,0,0,0,0,0,7,8
SV Samson,GJ Maxwell,5,2,1,0,0,2,0,0,4,6
KP Pietersen,PV Tambe,7,1,4,2,0,0,0,0,2,2
SE Marsh,AD Russell,3,0,2,0,0,0,1,0,4,3
AM Rahane,JP Faulkner,6,0,4,2,0,0,0,0,5,8
KD Karthik,Harbhajan Singh,2,0,2,0,0,0,0,0,2,5
G Gambhir,MM Sharma,9,3,4,0,0,2,0,0,5,2
M Vijay,TG Southee,20,10,6,2,0,0,1,1,2,9
F Behardien,SR Watson,3,1,2,0,0,0,0,0,3,9
AJ Finch,MG Johnson,11,4,3,1,0,3,0,0,5,2
MK Pandey,KV Sharma,11,3,5,0,0,1,2,0,2,7
SA Yadav,MJ McClenaghan,1,0,1,0,0,0,0,0,4,2
UT Khawaja,CH Morris,4,3,0,0,0,0,0,1,4,3
AR Patel,SR Watson,8,5,2,0,0,0,0,1,5,9
JP Duminy,M Ashwin,9,2,3,3,0,1,0,0,2,2
Bipul Sharma,CJ Jordan,4,1,1,0,0,1,0,1,1,3
G Gambhir,Gurkeerat Singh,2,0,2,0,0,0,0,0,5,6
RR Pant,DJ Bravo,3,1,2,0,0,0,0,0,4,3
DA Warner,CH Gayle,6,2,3,0,0,0,1,0,5,3
R Ashwin,SR Watson,3,1,1,0,0,0,0,1,7,9
SV Samson,MC Henriques,8,4,1,2,0,0,1,0,4,2
AR Patel,BB Sran,2,0,2,0,0,0,0,0,5,3
SA Yadav,MM Sharma,4,2,0,0,0,2,0,0,4,2
KD Karthik,YS Chahal,12,1,9,2,0,0,0,0,2,9
SS Tiwary,Shakib Al Hasan,5,0,5,0,0,0,0,0,4,9
JC Buttler,JW Hastings,8,4,3,1,0,0,0,0,2,5
MG Johnson,CH Morris,7,5,1,0,0,0,0,1,9,3
SW Billings,CJ Jordan,2,1,0,0,0,0,0,1,4,3
RV Uthappa,TG Southee,8,1,3,1,1,2,0,0,4,9
STR Binny,RA Jadeja,6,3,2,0,0,0,0,1,4,2
Q de Kock,CJ Jordan,7,3,3,0,0,1,0,0,4,3
Gurkeerat Singh,MC Henriques,5,2,2,0,0,1,0,0,5,2
NV Ojha,PP Chawla,3,1,0,0,1,1,0,0,7,2
KL Rahul,MM Sharma,10,3,3,1,0,3,0,0,2,2
RG Sharma,A Mishra,10,2,6,1,0,0,0,1,4,3
MM Sharma,M Morkel,4,2,1,0,0,0,0,1,7,2
KS Williamson,KW Richardson,4,2,2,0,0,0,0,0,7,7
PV Tambe,S Aravind,4,3,1,0,0,0,0,0,9,9
MG Johnson,J Yadav,5,4,0,1,0,0,0,0,9,5
Yuvraj Singh,SK Raina,5,3,2,0,0,0,0,0,4,1
SS Tiwary,KH Pandya,7,2,1,1,0,1,2,0,4,5
ER Dwivedi,SR Watson,4,1,0,0,0,0,2,1,1,9
PV Tambe,V Kohli,4,2,2,0,0,0,0,0,9,1
AT Rayudu,P Negi,1,0,0,0,0,1,0,0,5,4
RG Sharma,B Kumar,2,0,1,0,0,1,0,0,4,3
P Negi,AR Patel,1,0,0,1,0,0,0,0,7,3
PA Patel,Sandeep Sharma,13,9,3,1,0,0,0,0,7,9
AB de Villiers,Anureet Singh,3,1,1,1,0,0,0,0,1,10
SW Billings,YS Chahal,2,0,1,1,0,0,0,0,4,9
Yuvraj Singh,DJ Bravo,5,2,3,0,0,0,0,0,4,3
SE Marsh,SP Narine,10,3,4,1,1,1,0,0,4,9
RR Pant,DS Kulkarni,12,5,2,1,0,4,0,0,4,3
Yuvraj Singh,CJ Jordan,6,2,1,0,0,1,1,1,4,3
RR Pant,AB Dinda,9,7,0,1,0,0,0,1,4,3
MK Pandey,T Shamsi,4,1,2,1,0,0,0,0,2,9
KS Williamson,NLTC Perera,5,1,3,0,0,1,0,0,7,2
R Bhatia,SR Watson,7,0,5,1,0,1,0,0,6,9
HH Pandya,Mustafizur Rahman,5,2,1,0,0,0,0,2,3,2
KD Karthik,A Mishra,15,3,8,2,0,2,0,0,2,3
R Sathish,B Kumar,6,2,2,1,0,0,0,1,7,3
RV Uthappa,MC Henriques,6,2,3,0,0,0,1,0,4,2
GJ Maxwell,PP Chawla,14,7,3,1,0,1,1,1,5,2
DA Warner,S Kaushik,8,0,5,1,0,1,1,0,5,9
G Gambhir,STR Binny,10,3,4,1,0,2,0,0,5,4
CH Morris,AB Dinda,2,0,1,0,0,1,0,0,1,3
IK Pathan,MM Sharma,3,0,2,0,0,0,0,1,3,2
S Dhawan,A Zampa,4,2,1,1,0,0,0,0,4,10
SE Marsh,KH Pandya,7,0,3,2,0,2,0,0,4,5
UT Khawaja,J Yadav,11,2,7,1,0,0,1,0,4,5
MS Dhoni,KJ Abbott,1,0,1,0,0,0,0,0,2,8
M Vijay,VR Aaron,13,6,3,2,0,1,1,0,2,4
RA Jadeja,AB Dinda,2,1,0,0,0,0,0,1,7,3
MK Pandey,CH Morris,7,4,2,0,0,1,0,0,2,3
CH Morris,JJ Bumrah,3,1,2,0,0,0,0,0,1,5
CH Morris,DJ Bravo,14,5,1,4,0,3,1,0,1,3
DA Warner,J Yadav,33,12,9,2,0,8,1,1,5,5
NV Ojha,DS Kulkarni,2,0,2,0,0,0,0,0,7,3
Ishan Kishan,MG Johnson,5,2,1,0,0,1,0,1,3,2
M Vijay,Mustafizur Rahman,3,2,0,0,0,0,0,1,2,2
BB McCullum,MC Henriques,9,2,6,0,0,0,0,1,5,2
KD Karthik,S Nadeem,7,3,2,2,0,0,0,0,2,9
RG Sharma,R Sathish,5,2,3,0,0,0,0,0,4,2
AT Rayudu,NLTC Perera,4,2,2,0,0,0,0,0,5,2
KD Karthik,Mohammed Shami,9,4,2,1,0,1,0,1,2,2
RA Jadeja,JJ Bumrah,5,2,1,1,0,1,0,0,7,5
YK Pathan,Mustafizur Rahman,10,2,5,1,0,2,0,0,4,2
PA Patel,BB Sran,12,8,1,0,0,2,0,1,7,3
DJ Hooda,DS Kulkarni,2,1,1,0,0,0,0,0,5,3
EJG Morgan,AR Patel,5,3,1,1,0,0,0,0,5,3
DA Miller,M Ashwin,4,1,2,0,0,0,0,1,5,2
AT Rayudu,Imran Tahir,9,3,3,1,0,1,1,0,5,5
AD Russell,S Aravind,3,0,2,0,0,0,1,0,1,9
BB McCullum,JJ Bumrah,11,6,1,0,0,3,0,1,5,5
NS Naik,MC Henriques,7,3,3,0,0,1,0,0,9,2
Yuvraj Singh,Harbhajan Singh,1,0,1,0,0,0,0,0,4,5
SS Tiwary,M Morkel,3,1,1,0,0,1,0,0,4,2
RV Uthappa,KV Sharma,3,0,3,0,0,0,0,0,4,7
Yuvraj Singh,Mohammed Shami,3,1,2,0,0,0,0,0,4,2
KA Pollard,Imran Tahir,4,2,2,0,0,0,0,0,2,5
DA Miller,A Mishra,7,3,0,2,0,1,0,1,5,3
F du Plessis,MC Henriques,6,3,1,0,0,0,1,1,5,2
SN Khan,NLTC Perera,1,0,0,1,0,0,0,0,6,2
RA Jadeja,CJ Jordan,5,2,2,0,0,0,0,1,7,3
SPD Smith,P Sahu,10,3,5,1,0,1,0,0,4,2
AB de Villiers,Shakib Al Hasan,14,3,6,2,0,1,2,0,1,9
R Ashwin,CJ Jordan,4,1,1,1,0,0,1,0,7,3
DJ Hooda,RA Jadeja,5,1,1,2,0,1,0,0,5,2
Shakib Al Hasan,CJ Jordan,3,1,2,0,0,0,0,0,4,3
JO Holder,SB Jakati,1,0,1,0,0,0,0,0,2,4
DJ Hooda,Kuldeep Yadav,5,2,2,0,0,0,0,1,5,7
JC Buttler,SB Jakati,12,4,6,1,0,0,0,1,2,4
AB de Villiers,R Ashwin,8,1,6,0,0,1,0,0,1,2
MS Dhoni,KW Richardson,2,2,0,0,0,0,0,0,2,7
G Gambhir,CJ Jordan,6,0,4,2,0,0,0,0,5,3
AT Rayudu,Shakib Al Hasan,10,6,1,0,0,1,1,1,5,9
AJ Finch,TA Boult,4,1,1,0,0,2,0,0,5,9
AD Nath,BB Sran,3,1,2,0,0,0,0,0,3,3
SA Yadav,YS Chahal,5,2,2,0,0,1,0,0,4,9
KD Karthik,P Sahu,8,1,5,0,0,2,0,0,2,2
RV Uthappa,P Sahu,5,1,2,0,0,1,0,1,4,2
P Negi,R Ashwin,4,0,3,0,0,0,0,1,7,2
P Sahu,UT Yadav,1,0,1,0,0,0,0,0,2,9
G Gambhir,Sandeep Sharma,9,4,5,0,0,0,0,0,5,9
STR Binny,CR Brathwaite,4,1,1,2,0,0,0,0,4,3
M Vohra,P Kumar,6,3,3,0,0,0,0,0,2,2
DJ Hooda,AD Russell,8,5,2,0,0,0,0,1,5,3
M Vijay,UT Yadav,3,1,1,1,0,0,0,0,2,9
JP Duminy,DJ Hooda,2,0,2,0,0,0,0,0,2,3
YK Pathan,TG Southee,3,0,1,0,0,2,0,0,4,9
KA Pollard,MP Stoinis,8,5,2,0,0,0,0,1,2,2
SK Raina,Imran Tahir,1,0,1,0,0,0,0,0,4,5
AM Rahane,Z Khan,8,5,3,0,0,0,0,0,5,9
SV Samson,JJ Bumrah,13,8,4,0,0,1,0,0,4,5
SPD Smith,JP Faulkner,8,0,5,1,0,1,1,0,4,8
GJ Bailey,MM Sharma,5,3,0,0,0,2,0,0,3,2
RG Sharma,AD Russell,23,7,7,0,0,8,1,0,4,3
DA Warner,T Shamsi,12,5,3,1,0,1,1,1,5,9
V Kohli,DR Smith,4,0,2,1,0,1,0,0,4,3
KD Karthik,Bipul Sharma,11,5,2,0,0,2,1,1,2,3
Gurkeerat Singh,Mustafizur Rahman,7,4,1,1,0,1,0,0,5,2
RR Pant,SK Raina,17,2,8,1,1,4,1,0,4,1
DJ Hooda,HH Pandya,5,0,1,2,0,2,0,0,5,5
Yuvraj Singh,MP Stoinis,3,1,2,0,0,0,0,0,4,2
RG Sharma,UT Yadav,6,2,2,0,0,2,0,0,4,9
S Dhawan,AS Rajpoot,5,1,2,1,0,1,0,0,4,3
TM Head,A Zampa,1,0,1,0,0,0,0,0,4,10
SS Tiwary,BB Sran,2,1,1,0,0,0,0,0,4,3
RA Jadeja,Harbhajan Singh,3,2,1,0,0,0,0,0,7,5
NV Ojha,Kuldeep Yadav,9,6,2,1,0,0,0,0,7,7
F du Plessis,P Kumar,5,3,1,0,0,1,0,0,5,2
SA Yadav,JJ Bumrah,2,0,1,0,0,1,0,0,4,5
WP Saha,M Morkel,4,2,1,1,0,0,0,0,4,2
YK Pathan,BB Sran,6,1,5,0,0,0,0,0,4,3
SPD Smith,B Kumar,10,5,2,3,0,0,0,0,4,3
AT Rayudu,MR Marsh,11,6,4,0,0,1,0,0,5,7
AB de Villiers,Z Khan,14,5,3,0,0,5,0,1,1,9
RR Pant,STR Binny,1,0,1,0,0,0,0,0,4,4
A Mishra,R Vinay Kumar,2,1,1,0,0,0,0,0,10,2
SK Raina,R Bhatia,7,1,6,0,0,0,0,0,4,2
S Dhawan,SR Watson,7,1,3,0,0,2,1,0,4,9
DA Warner,MP Stoinis,11,5,4,0,0,1,1,0,5,2
F du Plessis,PV Tambe,10,2,4,0,0,2,1,1,5,2
PP Chawla,DR Smith,7,4,1,1,0,0,0,1,7,3
Yuvraj Singh,DR Smith,2,0,1,0,0,1,0,0,4,3
DJ Hooda,S Aravind,6,3,2,0,0,0,0,1,5,9
GJ Bailey,BB Sran,6,2,3,0,0,1,0,0,3,3
IK Pathan,AS Rajpoot,2,2,0,0,0,0,0,0,3,3
RA Jadeja,AR Patel,3,1,1,0,0,0,0,1,7,3
AD Russell,M Ashwin,1,0,1,0,0,0,0,0,1,2
S Dhawan,NLTC Perera,9,1,5,1,1,0,1,0,4,2
DA Warner,TG Southee,17,3,8,3,0,3,0,0,5,9
YK Pathan,CR Brathwaite,3,1,1,0,0,0,0,1,4,3
S Dhawan,Z Khan,5,3,1,0,0,1,0,0,4,9
KD Karthik,MM Sharma,3,0,2,0,0,1,0,0,2,2
NS Naik,BB Sran,7,0,5,2,0,0,0,0,9,3
R Vinay Kumar,R Ashwin,3,1,2,0,0,0,0,0,7,2
Harbhajan Singh,MR Marsh,1,0,1,0,0,0,0,0,5,7
KL Rahul,KA Pollard,2,1,0,0,0,0,1,0,2,6
JC Buttler,MP Stoinis,3,1,1,0,0,0,0,1,2,2
SP Narine,DS Kulkarni,4,4,0,0,0,0,0,0,9,3
SV Samson,AD Russell,3,0,2,0,0,1,0,0,4,3
MC Henriques,DJ Bravo,2,1,0,0,0,0,0,1,7,3
Yuvraj Singh,AR Patel,6,4,1,0,0,1,0,0,4,3
RA Jadeja,TA Boult,4,1,3,0,0,0,0,0,7,9
PA Patel,STR Binny,1,0,1,0,0,0,0,0,7,4
V Kohli,RA Jadeja,15,2,10,3,0,0,0,0,4,2
SN Khan,Mohammed Shami,3,1,1,0,0,0,0,1,6,2
RR Pant,NLTC Perera,1,1,0,0,0,0,0,0,4,2
R Sathish,NLTC Perera,3,1,2,0,0,0,0,0,7,2
MC Henriques,S Kaushik,11,7,1,2,0,1,0,0,7,9
KD Karthik,MG Johnson,7,3,1,0,0,2,0,1,2,2
SPD Smith,DJ Bravo,12,2,5,1,0,1,1,2,4,3
RG Sharma,CJ Jordan,12,6,2,1,0,3,0,0,4,3
UT Khawaja,R Dhawan,7,3,3,0,0,1,0,0,4,2
DA Miller,Shakib Al Hasan,4,1,3,0,0,0,0,0,5,9
B Kumar,JO Holder,4,1,2,0,0,1,0,0,1,5
V Kohli,SP Narine,21,8,8,2,0,3,0,0,4,9
AJ Finch,S Nadeem,6,3,1,0,0,1,0,1,5,9
AB de Villiers,PV Tambe,13,3,4,1,0,2,2,1,1,2
JP Faulkner,Sandeep Sharma,5,2,1,0,0,1,0,1,2,9
WP Saha,J Yadav,3,1,2,0,0,0,0,0,4,5
KK Nair,R Bhatia,7,3,3,0,0,0,0,1,2,2
Q de Kock,D Wiese,10,1,4,0,0,4,1,0,4,10
RG Sharma,Mohammed Shami,4,1,2,0,0,1,0,0,4,2
Gurkeerat Singh,BCJ Cutting,1,0,1,0,0,0,0,0,5,3
AB de Villiers,DS Kulkarni,16,4,8,0,0,3,1,0,1,3
JC Buttler,M Ashwin,7,1,4,1,0,0,1,0,2,2
MC Henriques,Kuldeep Yadav,10,2,4,2,0,0,1,1,7,7
AT Rayudu,UT Yadav,7,3,3,0,0,1,0,0,5,9
KH Pandya,A Mishra,14,3,4,0,0,3,4,0,1,3
SR Watson,M Morkel,6,3,3,0,0,0,0,0,4,2
Q de Kock,Harbhajan Singh,10,2,7,0,0,1,0,0,4,5
KK Nair,KV Sharma,8,0,7,0,0,0,0,1,2,7
NV Ojha,CH Morris,4,2,1,0,0,0,0,1,7,3
CH Morris,MP Stoinis,1,0,1,0,0,0,0,0,1,2
SV Samson,AB Dinda,5,2,3,0,0,0,0,0,4,3
SK Raina,TG Southee,4,3,1,0,0,0,0,0,4,9
RG Sharma,Mustafizur Rahman,2,0,2,0,0,0,0,0,4,2
NLTC Perera,DJ Bravo,2,0,1,1,0,0,0,0,2,3
AJ Finch,B Kumar,11,4,3,3,0,0,0,1,5,3
CH Gayle,BB Sran,14,7,1,2,0,1,3,0,5,3
SA Yadav,Mustafizur Rahman,3,1,1,0,0,1,0,0,4,2
Harbhajan Singh,R Bhatia,7,5,2,0,0,0,0,0,5,2
CH Morris,S Aravind,2,0,2,0,0,0,0,0,1,9
Bipul Sharma,JO Holder,1,0,1,0,0,0,0,0,1,5
AR Patel,B Kumar,7,0,3,1,0,1,2,0,5,3
BB McCullum,Bipul Sharma,9,3,4,0,0,0,0,2,5,3
Yuvraj Singh,MJ McClenaghan,8,2,2,1,0,2,0,1,4,2
KJ Abbott,UT Yadav,3,2,0,1,0,0,0,0,2,9
NV Ojha,AR Patel,2,0,2,0,0,0,0,0,7,3
MK Pandey,Iqbal Abdulla,12,5,6,0,0,1,0,0,2,5
MP Stoinis,AD Russell,4,3,0,0,0,0,0,1,2,3
SV Samson,MG Johnson,4,0,4,0,0,0,0,0,4,2
NLTC Perera,PP Chawla,7,3,0,2,0,0,1,1,2,2
MC Henriques,CJ Jordan,2,1,0,0,0,0,0,1,7,3
F du Plessis,B Kumar,4,1,2,0,0,1,0,0,5,3
Yuvraj Singh,SR Watson,5,3,1,0,0,1,0,0,4,9
YK Pathan,BCJ Cutting,3,2,1,0,0,0,0,0,4,3
BB McCullum,AS Rajpoot,3,2,0,0,0,0,1,0,5,3
Gurkeerat Singh,S Aravind,1,1,0,0,0,0,0,0,5,9
JC Buttler,DS Kulkarni,8,6,1,0,0,1,0,0,2,3
NLTC Perera,JJ Bumrah,4,1,2,0,0,0,1,0,2,5
Q de Kock,S Kaushik,7,3,3,0,0,0,0,1,4,9
AM Rahane,A Mishra,18,5,12,0,0,1,0,0,5,3
SA Yadav,MC Henriques,3,1,1,0,0,0,0,1,4,2
CH Gayle,KJ Abbott,7,1,2,0,0,2,2,0,5,8
KA Pollard,I Sharma,6,6,0,0,0,0,0,0,2,5
DR Smith,Iqbal Abdulla,14,4,4,0,0,5,1,0,5,5
RV Uthappa,Gurkeerat Singh,4,1,2,0,0,1,0,0,4,6
RA Jadeja,B Kumar,13,3,7,2,0,1,0,0,7,3
P Negi,UT Yadav,7,4,2,1,0,0,0,0,7,9
CR Brathwaite,GB Hogg,3,0,1,1,0,0,1,0,1,5
KK Nair,R Vinay Kumar,4,2,2,0,0,0,0,0,2,2
R Bhatia,CJ Jordan,2,0,1,0,0,0,1,0,6,3
S Dhawan,Sandeep Sharma,15,7,6,1,0,1,0,0,4,9
DA Warner,Parvez Rasool,16,5,7,1,0,1,2,0,5,4
DA Miller,R Ashwin,4,1,1,0,0,1,0,1,5,2
UT Khawaja,Gurkeerat Singh,6,1,3,1,0,0,0,1,4,6
KL Rahul,RP Singh,8,5,2,0,0,0,1,0,2,2
SR Watson,P Kumar,5,3,1,0,0,0,0,1,4,2
KA Pollard,PP Chawla,1,0,1,0,0,0,0,0,2,2
RR Pant,DR Smith,6,1,4,1,0,0,0,0,4,3
DA Warner,P Kumar,33,14,7,5,0,7,0,0,5,2
AM Rahane,Iqbal Abdulla,10,1,7,2,0,0,0,0,5,5
RV Uthappa,GJ Maxwell,5,1,3,0,0,1,0,0,4,6
SK Raina,SP Narine,10,3,5,1,0,0,0,1,4,9
NV Ojha,A Zampa,3,2,0,0,0,0,0,1,7,10
DA Warner,SR Watson,16,3,6,3,0,2,1,1,5,9
Sachin Baby,BB Sran,2,0,2,0,0,0,0,0,4,3
DJ Hooda,Sandeep Sharma,6,3,2,0,0,0,0,1,5,9
M Morkel,DJ Bravo,1,0,1,0,0,0,0,0,7,3
SW Billings,KC Cariappa,4,2,0,2,0,0,0,0,4,5
SV Samson,IK Pathan,7,3,2,2,0,0,0,0,4,6
WP Saha,DS Kulkarni,4,1,0,3,0,0,0,0,4,3
KL Rahul,A Zampa,8,4,3,0,0,0,0,1,2,10
Harbhajan Singh,RP Singh,6,2,1,0,0,3,0,0,5,2
KS Williamson,A Mishra,8,2,5,0,0,1,0,0,7,3
KD Karthik,PP Chawla,2,1,1,0,0,0,0,0,2,2
MK Pandey,AR Patel,2,1,0,0,0,0,0,1,2,3
KK Nair,JO Holder,10,3,4,1,0,2,0,0,2,5
NM Coulter-Nile,PP Chawla,7,5,2,0,0,0,0,0,9,2
MK Pandey,A Mishra,2,2,0,0,0,0,0,0,2,3
DA Warner,KJ Abbott,5,1,2,0,0,2,0,0,5,8
NV Ojha,CJ Jordan,4,1,1,1,0,1,0,0,7,3
V Kohli,AB Dinda,10,4,3,2,0,1,0,0,4,3
BB McCullum,M Morkel,10,5,1,0,0,2,2,0,5,2
DJ Bravo,I Sharma,5,1,1,0,0,3,0,0,5,5
Q de Kock,Iqbal Abdulla,3,0,2,1,0,0,0,0,4,5
RA Jadeja,S Nadeem,3,0,2,0,0,1,0,0,7,9
DA Warner,DS Kulkarni,18,7,7,1,0,2,0,1,5,3
KK Nair,SR Watson,12,7,3,1,0,0,1,0,2,9
KK Nair,UT Yadav,4,1,1,0,0,0,1,1,2,9
KL Rahul,PP Chawla,7,1,3,0,0,1,1,1,2,2
Harbhajan Singh,B Kumar,8,5,2,0,0,1,0,0,5,3
RV Uthappa,MP Stoinis,7,0,6,0,0,1,0,0,4,2
KK Nair,MM Sharma,5,3,1,1,0,0,0,0,2,2
B Kumar,AS Rajpoot,2,1,0,0,0,0,0,1,1,3
KD Karthik,HH Pandya,6,4,1,0,0,1,0,0,2,5
KA Pollard,SR Watson,23,11,2,0,0,7,3,0,2,9
P Negi,JJ Bumrah,6,1,3,1,0,1,0,0,7,5
R Ashwin,MC Henriques,7,0,6,0,0,1,0,0,7,2
R Sathish,Ankit Sharma,1,0,1,0,0,0,0,0,7,8
AD Russell,Ankit Sharma,6,3,1,0,0,0,2,0,1,8
SR Watson,R Bhatia,6,0,4,0,0,0,2,0,4,2
KP Pietersen,KJ Abbott,2,1,0,0,0,0,0,1,2,8
SK Raina,A Mishra,8,2,5,0,0,0,0,1,4,3
SA Yadav,R Bhatia,9,1,8,0,0,0,0,0,4,2
AB de Villiers,SP Narine,5,2,2,0,0,0,1,0,1,9
EJG Morgan,HV Patel,5,2,1,2,0,0,0,0,5,8
R Ashwin,PP Chawla,4,4,0,0,0,0,0,0,7,2
SA Yadav,KJ Abbott,1,0,1,0,0,0,0,0,4,8
AR Patel,A Mishra,4,3,1,0,0,0,0,0,5,3
SE Marsh,R Ashwin,2,0,2,0,0,0,0,0,4,2
PA Patel,NLTC Perera,3,1,1,1,0,0,0,0,7,2
S Nadeem,JJ Bumrah,4,3,1,0,0,0,0,0,8,5
P Sahu,Z Khan,4,2,1,0,0,1,0,0,2,9
DA Miller,GB Hogg,4,1,3,0,0,0,0,0,5,5
S Dhawan,KH Pandya,4,1,3,0,0,0,0,0,4,5
A Mishra,PP Chawla,3,1,2,0,0,0,0,0,10,2
EJG Morgan,MM Sharma,4,1,1,0,0,1,0,1,5,2
P Negi,P Sahu,1,0,0,0,0,0,1,0,7,2
KL Rahul,KJ Abbott,2,1,0,0,0,1,0,0,2,8
RV Uthappa,Sandeep Sharma,16,5,3,3,0,4,0,1,4,9
MK Pandey,DR Smith,3,2,0,0,0,0,0,1,2,3
KK Nair,IK Pathan,10,5,3,0,0,2,0,0,2,6
M Vijay,CJ Jordan,9,1,4,0,0,4,0,0,2,3
AJ Finch,MM Sharma,3,0,1,0,0,2,0,0,5,2
CJ Jordan,Mustafizur Rahman,3,2,0,1,0,0,0,0,3,2
AP Tare,MR Marsh,8,6,0,1,0,1,0,0,3,7
HM Amla,CH Morris,2,2,0,0,0,0,0,0,5,3
AT Rayudu,M Ashwin,7,2,5,0,0,0,0,0,5,2
M Vijay,STR Binny,11,1,6,1,0,3,0,0,2,4
DA Warner,Shakib Al Hasan,5,3,1,0,0,1,0,0,5,9
NLTC Perera,Imran Tahir,4,1,1,0,0,0,2,0,2,5
Harbhajan Singh,I Sharma,4,0,1,0,0,2,1,0,5,5
M Vijay,DS Kulkarni,11,4,3,3,0,1,0,0,2,3
BB McCullum,KH Pandya,7,1,2,1,0,2,1,0,5,5
SA Yadav,BCJ Cutting,4,0,2,2,0,0,0,0,4,3
JC Buttler,SR Watson,3,0,2,0,0,1,0,0,2,9
IK Pathan,Gurkeerat Singh,1,0,1,0,0,0,0,0,3,6
CH Gayle,TG Southee,4,2,0,0,0,1,0,1,5,9
KL Rahul,MC Henriques,10,1,6,1,0,1,0,1,2,2
G Gambhir,GJ Maxwell,12,3,4,2,0,3,0,0,5,6
PA Patel,AD Russell,7,3,2,0,0,2,0,0,7,3
SPD Smith,PV Tambe,2,0,2,0,0,0,0,0,4,2
JJ Bumrah,B Kumar,1,0,1,0,0,0,0,0,3,3
MA Agarwal,AD Russell,9,3,4,0,0,1,0,1,7,3
KS Williamson,Parvez Rasool,9,2,6,0,0,1,0,0,7,4
SK Raina,Harbhajan Singh,8,2,6,0,0,0,0,0,4,5
DR Smith,A Mishra,4,1,2,0,0,0,1,0,5,3
AB de Villiers,KH Pandya,13,4,7,0,0,0,0,2,1,5
KL Rahul,PV Tambe,4,1,3,0,0,0,0,0,2,2
SK Raina,R Ashwin,17,7,8,2,0,0,0,0,4,2
JC Buttler,Z Khan,1,1,0,0,0,0,0,0,2,9
DJ Hooda,A Zampa,3,1,0,0,0,0,1,1,5,10
HM Amla,DL Chahar,12,9,1,1,0,1,0,0,5,6
TG Southee,JP Faulkner,5,2,1,1,0,0,1,0,4,8
V Kohli,MJ McClenaghan,4,1,2,0,0,0,0,1,4,2
JP Duminy,R Bhatia,12,2,9,1,0,0,0,0,2,2
MS Dhoni,SP Narine,16,11,4,0,0,0,0,1,2,9
Shakib Al Hasan,PV Tambe,5,2,2,0,0,1,0,0,4,2
Q de Kock,DL Chahar,3,2,1,0,0,0,0,0,4,6
KD Karthik,AR Patel,9,3,4,0,0,1,0,1,2,3
RV Uthappa,DS Kulkarni,21,9,4,0,0,5,1,2,4,3
HM Amla,A Nehra,11,3,3,0,0,4,1,0,5,3
AT Rayudu,GJ Maxwell,5,1,2,1,0,0,1,0,5,6
Sandeep Sharma,AD Russell,1,0,1,0,0,0,0,0,9,3
Shakib Al Hasan,S Aravind,2,0,1,0,0,1,0,0,4,9
SR Watson,Z Khan,3,1,1,0,0,0,1,0,4,9
KL Rahul,P Kumar,3,0,1,0,0,2,0,0,2,2
AR Patel,Mohammed Shami,1,0,0,0,0,0,1,0,5,2
RA Jadeja,P Sahu,5,2,2,1,0,0,0,0,7,2
AJ Finch,R Vinay Kumar,3,2,0,0,0,0,0,1,5,2
AR Patel,R Ashwin,1,1,0,0,0,0,0,0,5,2
TM Head,JJ Bumrah,7,1,3,1,0,1,0,1,4,5
DR Smith,Harbhajan Singh,7,1,3,0,0,1,2,0,5,5
Z Khan,GB Hogg,2,2,0,0,0,0,0,0,9,5
PA Patel,Mohammed Shami,5,3,1,0,0,0,0,1,7,2
SS Iyer,Sandeep Sharma,3,1,1,0,0,0,0,1,9,9
JP Duminy,A Zampa,3,0,3,0,0,0,0,0,2,10
NLTC Perera,Mohammed Shami,1,0,1,0,0,0,0,0,2,2
RV Uthappa,Iqbal Abdulla,3,2,0,0,0,0,0,1,4,5
J Yadav,R Ashwin,5,4,1,0,0,0,0,0,3,2
RG Sharma,KC Cariappa,1,0,1,0,0,0,0,0,4,5
KA Pollard,DS Kulkarni,9,4,3,0,0,0,1,1,2,3
MS Dhoni,HV Patel,12,6,4,0,0,1,0,1,2,8
A Zampa,A Nehra,2,1,0,0,0,0,0,1,10,3
M Vohra,NLTC Perera,5,0,2,0,0,3,0,0,2,2
Shakib Al Hasan,YS Chahal,1,0,1,0,0,0,0,0,4,9
PV Tambe,VR Aaron,4,3,0,0,0,1,0,0,9,4
Q de Kock,STR Binny,9,2,5,1,0,1,0,0,4,4
F du Plessis,SB Jakati,11,3,4,1,0,2,1,0,5,4
S Dhawan,GJ Maxwell,7,1,4,0,0,2,0,0,4,6
Q de Kock,YS Chahal,16,4,8,0,0,2,1,1,4,9
JP Faulkner,NLTC Perera,5,1,2,1,0,1,0,0,2,2
RR Pant,JP Faulkner,7,2,2,0,0,1,1,1,4,8
NV Ojha,SP Narine,24,13,6,3,0,0,1,1,7,9
WP Saha,DJ Bravo,18,3,8,2,0,3,0,2,4,3
N Rana,YS Chahal,5,2,1,1,0,0,0,1,2,9
C Munro,BB Sran,7,4,1,1,0,1,0,0,3,3
BB McCullum,TA Boult,7,5,0,0,0,2,0,0,5,9
Sachin Baby,MM Sharma,8,4,2,2,0,0,0,0,4,2
JO Holder,DJ Bravo,9,4,2,0,0,1,1,1,2,3
SK Raina,T Shamsi,8,3,4,0,0,1,0,0,4,9
NV Ojha,AS Rajpoot,4,3,0,0,0,1,0,0,7,3
CH Morris,DS Kulkarni,2,0,1,0,0,1,0,0,1,3
SW Billings,GB Hogg,13,0,8,4,0,0,1,0,4,5
DA Warner,KW Richardson,9,1,2,0,1,3,2,0,5,7
S Dhawan,R Dhawan,10,3,5,0,0,1,0,1,4,2
CR Brathwaite,B Kumar,5,2,1,0,0,2,0,0,1,3
Ishan Kishan,Imran Tahir,3,2,0,0,0,0,0,1,3,5
SA Yadav,SB Jakati,6,1,3,0,0,0,1,1,4,4
AJ Finch,MR Marsh,3,0,2,1,0,0,0,0,5,7
HH Pandya,CH Morris,2,0,2,0,0,0,0,0,3,3
BB McCullum,STR Binny,6,3,2,0,0,1,0,0,5,4
YK Pathan,Sandeep Sharma,6,1,5,0,0,0,0,0,4,9
GJ Maxwell,MC Henriques,3,1,1,0,0,0,0,1,5,2
RG Sharma,AR Patel,8,4,3,0,0,0,0,1,4,3
AT Rayudu,YS Chahal,15,7,8,0,0,0,0,0,5,9
AD Russell,A Mishra,7,4,1,0,0,1,0,1,1,3
WP Saha,KV Sharma,11,4,4,2,0,1,0,0,4,7
RG Sharma,CH Morris,18,4,9,1,0,1,2,1,4,3
STR Binny,JJ Bumrah,3,1,1,0,0,0,0,1,4,5
BCJ Cutting,AR Patel,3,2,1,0,0,0,0,0,1,3
CH Morris,GB Hogg,5,2,2,0,0,1,0,0,1,5
DA Warner,HV Patel,13,7,1,0,0,3,2,0,5,8
WP Saha,S Kaushik,1,0,1,0,0,0,0,0,4,9
PA Patel,PV Tambe,5,2,2,0,0,0,0,1,7,2
SE Marsh,JJ Bumrah,5,1,4,0,0,0,0,0,4,5
MP Stoinis,CH Morris,5,2,2,0,0,1,0,0,2,3
Harbhajan Singh,SB Jakati,5,5,0,0,0,0,0,0,5,4
SR Watson,AR Patel,3,1,1,0,0,0,0,1,4,3
Imran Tahir,R Vinay Kumar,1,0,1,0,0,0,0,0,3,2
M Vohra,Ankit Sharma,10,3,3,3,0,0,0,1,2,8
JC Buttler,NLTC Perera,2,0,1,0,0,1,0,0,2,2
GJ Bailey,Mustafizur Rahman,3,2,1,0,0,0,0,0,3,2
DA Warner,Sandeep Sharma,19,6,6,1,0,3,2,1,5,9
JC Buttler,Shakib Al Hasan,4,1,2,1,0,0,0,0,2,9
GJ Bailey,AR Patel,5,3,1,0,0,0,0,1,3,3
RG Sharma,MP Stoinis,3,1,2,0,0,0,0,0,4,2
RG Sharma,M Ashwin,8,2,3,2,0,0,1,0,4,2
SS Iyer,DL Chahar,6,3,2,0,0,1,0,0,9,6
SPD Smith,MM Sharma,4,2,0,1,0,0,0,1,4,2
AT Rayudu,SP Narine,2,0,2,0,0,0,0,0,5,9
DA Warner,CH Morris,2,0,2,0,0,0,0,0,5,3
BB McCullum,MM Sharma,4,2,1,0,0,0,0,1,5,2
S Dhawan,S Kaushik,9,5,2,1,0,1,0,0,4,9
CH Morris,A Zampa,6,2,4,0,0,0,0,0,1,10
JP Duminy,BB Sran,6,3,2,0,0,0,0,1,2,3
DR Smith,Z Khan,16,5,4,2,0,5,0,0,5,9
M Vijay,Harbhajan Singh,11,5,4,2,0,0,0,0,2,5
GJ Bailey,Sandeep Sharma,2,2,0,0,0,0,0,0,3,9
CR Brathwaite,MP Stoinis,2,1,0,1,0,0,0,0,1,2
SK Raina,A Nehra,4,2,1,0,0,0,1,0,4,3
MS Dhoni,JJ Bumrah,5,1,2,1,0,0,0,1,2,5
HM Amla,SR Watson,4,2,0,1,0,0,0,1,5,9
V Kohli,RP Singh,11,2,5,1,0,0,3,0,4,2
HH Pandya,BB Sran,8,5,3,0,0,0,0,0,3,3
Parvez Rasool,B Kumar,6,3,1,0,0,1,0,1,7,3
CH Gayle,KC Cariappa,5,1,2,0,0,1,1,0,5,5
AT Rayudu,JP Faulkner,9,3,3,2,0,0,0,1,5,8
AD Russell,CJ Jordan,4,2,1,0,0,0,1,0,1,3
KP Pietersen,DJ Bravo,7,2,3,0,0,0,1,1,2,3
AB de Villiers,SB Jakati,11,1,6,0,1,1,2,0,1,4
V Kohli,KH Pandya,9,3,3,2,0,0,0,1,4,5
DJ Hooda,MM Sharma,6,2,3,1,0,0,0,0,5,2
AT Rayudu,A Mishra,6,2,3,0,0,0,0,1,5,3
DJ Hooda,NM Coulter-Nile,5,1,2,0,0,1,0,1,5,2
MM Sharma,CH Morris,2,0,1,0,1,0,0,0,7,3
AD Russell,Harbhajan Singh,6,2,2,0,0,1,1,0,1,5
Gurkeerat Singh,A Zampa,8,1,7,0,0,0,0,0,5,10
RA Jadeja,Z Khan,12,7,1,2,0,2,0,0,7,9
JC Buttler,P Sahu,3,0,2,0,0,0,1,0,2,2
RA Jadeja,M Morkel,2,0,1,0,0,1,0,0,7,2
V Kohli,PV Tambe,14,3,8,0,0,3,0,0,4,2
YK Pathan,CH Morris,1,0,1,0,0,0,0,0,4,3
DA Warner,RA Jadeja,7,2,4,0,0,1,0,0,5,2
JP Faulkner,Z Khan,4,1,1,2,0,0,0,0,2,9
RG Sharma,VR Aaron,10,3,4,0,0,1,1,1,4,4
GJ Maxwell,Harbhajan Singh,11,4,4,1,0,2,0,0,5,5
AD Nath,CJ Jordan,2,1,1,0,0,0,0,0,3,3
IK Pathan,PP Chawla,3,0,3,0,0,0,0,0,3,2
V Kohli,B Kumar,19,8,7,0,0,3,0,1,4,3
KV Sharma,Shakib Al Hasan,4,3,1,0,0,0,0,0,7,9
M Vijay,CH Morris,6,2,1,1,0,1,0,1,2,3
AR Patel,MJ McClenaghan,2,1,0,0,0,0,0,1,5,2
RR Pant,N Rana,3,1,2,0,0,0,0,0,4,7
YK Pathan,M Ashwin,17,7,4,1,0,2,3,0,4,2
V Kohli,Bipul Sharma,3,0,2,0,0,1,0,0,4,3
UT Khawaja,NM Coulter-Nile,3,1,1,0,0,1,0,0,4,2
M Vohra,JP Faulkner,6,2,0,1,0,3,0,0,2,8
Yuvraj Singh,M Morkel,4,2,2,0,0,0,0,0,4,2
NS Naik,JJ Bumrah,4,2,1,0,0,0,0,1,9,5
M Vohra,M Morkel,6,3,0,2,0,0,0,1,2,2
KS Williamson,SP Narine,2,1,1,0,0,0,0,0,7,9
WP Saha,CH Morris,4,2,1,1,0,0,0,0,4,3
DA Warner,AS Rajpoot,3,0,2,1,0,0,0,0,5,3
NV Ojha,S Kaushik,2,1,1,0,0,0,0,0,7,9
F du Plessis,R Vinay Kumar,11,8,2,1,0,0,0,0,5,2
JC Buttler,JP Faulkner,4,2,1,0,0,1,0,0,2,8
PP Chawla,DJ Bravo,4,3,1,0,0,0,0,0,7,3
HH Pandya,RP Singh,1,0,1,0,0,0,0,0,3,2
AR Patel,MC Henriques,4,0,2,1,0,0,1,0,5,2
CH Gayle,AR Patel,13,5,2,0,0,0,5,1,5,3
KH Pandya,MC Henriques,3,1,2,0,0,0,0,0,1,2
V Kohli,A Nehra,14,5,7,0,0,2,0,0,4,3
B Kumar,M Morkel,2,1,0,0,0,0,0,1,1,2
M Vijay,PP Chawla,4,2,1,0,0,0,0,1,2,2
AT Rayudu,I Sharma,2,1,1,0,0,0,0,0,5,5
A Mishra,MJ McClenaghan,1,1,0,0,0,0,0,0,10,2
CR Brathwaite,M Ashwin,4,1,1,0,0,0,2,0,1,2
R Ashwin,Yuvraj Singh,2,0,2,0,0,0,0,0,7,1
KL Rahul,Harbhajan Singh,8,2,5,1,0,0,0,0,2,5
WP Saha,Mustafizur Rahman,3,1,1,1,0,0,0,0,4,2
RG Sharma,SM Boland,13,8,3,0,0,2,0,0,4,9
LMP Simmons,I Sharma,2,1,0,0,0,0,0,1,7,5
RA Jadeja,KW Richardson,2,0,2,0,0,0,0,0,7,7
KS Williamson,SR Watson,8,2,3,0,0,2,0,1,7,9
SV Samson,UT Yadav,5,1,3,0,0,1,0,0,4,9
MC Henriques,UT Yadav,5,2,1,0,0,1,0,1,7,9
MC Henriques,SP Narine,6,1,3,0,0,1,0,1,7,9
Gurkeerat Singh,MJ McClenaghan,1,0,1,0,0,0,0,0,5,2
YK Pathan,HH Pandya,3,0,2,0,0,1,0,0,4,5
NV Ojha,R Bhatia,7,1,5,0,0,0,1,0,7,2
AM Rahane,MM Sharma,1,0,0,0,0,1,0,0,5,2
SS Tiwary,AS Rajpoot,5,1,3,0,0,0,0,1,4,3
STR Binny,B Kumar,4,3,1,0,0,0,0,0,4,3
V Kohli,SB Jakati,8,0,6,1,0,1,0,0,4,4
SS Tiwary,R Dhawan,6,2,2,1,0,1,0,0,4,2
MP Stoinis,DJ Bravo,7,3,2,0,0,1,0,1,2,3
AM Rahane,RA Jadeja,5,1,4,0,0,0,0,0,5,2
SA Yadav,CR Brathwaite,9,2,3,1,0,1,1,1,4,3
AT Rayudu,B Kumar,9,5,3,0,0,1,0,0,5,3
SA Yadav,Ankit Sharma,5,1,4,0,0,0,0,0,4,8
EJG Morgan,JP Duminy,1,0,1,0,0,0,0,0,5,5
DA Miller,DS Kulkarni,3,1,0,1,0,0,0,1,5,3
EJG Morgan,M Morkel,5,0,4,0,0,0,1,0,5,2
AJ Finch,S Aravind,5,3,2,0,0,0,0,0,5,9
EJG Morgan,R Dhawan,6,2,2,1,0,0,1,0,5,2
MP Stoinis,RA Jadeja,13,4,3,2,0,2,1,1,2,2
NLTC Perera,CJ Jordan,5,3,0,1,0,0,0,1,2,3
CH Gayle,DS Kulkarni,13,8,1,0,0,2,0,2,5,3
RR Pant,A Nehra,4,2,2,0,0,0,0,0,4,3
DA Warner,Anureet Singh,8,1,5,0,0,1,0,1,5,10
Ishan Kishan,KC Cariappa,7,3,3,0,0,1,0,0,3,5
RV Uthappa,Z Khan,12,3,5,1,0,3,0,0,4,9
Bipul Sharma,DS Kulkarni,4,1,1,1,0,0,1,0,1,3
MM Sharma,Sachin Baby,3,2,0,0,0,0,0,1,7,1
YK Pathan,P Kumar,2,0,2,0,0,0,0,0,4,2
CA Lynn,YS Chahal,4,2,1,0,0,0,0,1,5,9
Q de Kock,P Sahu,9,3,4,1,0,1,0,0,4,2
M Vijay,R Ashwin,19,8,9,0,0,1,0,1,2,2
NV Ojha,KW Richardson,3,2,0,0,0,0,0,1,7,7
MC Henriques,JP Duminy,4,1,0,1,0,1,0,1,7,5
AT Rayudu,Sandeep Sharma,8,3,3,0,0,1,0,1,5,9
KD Karthik,M Morkel,12,3,4,1,0,3,0,1,2,2
CH Morris,PV Tambe,4,1,0,1,0,0,2,0,1,2
MC Henriques,J Yadav,1,0,1,0,0,0,0,0,7,5
Shakib Al Hasan,AR Patel,7,3,2,0,0,1,0,1,4,3
SW Billings,M Ashwin,5,3,1,0,0,1,0,0,4,2
JP Duminy,N Rana,3,2,1,0,0,0,0,0,2,7
AP Tare,Sandeep Sharma,2,1,0,0,0,0,0,1,3,9
V Kohli,M Morkel,16,4,6,4,0,0,1,1,4,2
S Dhawan,Anureet Singh,8,5,1,0,0,2,0,0,4,10
Swapnil Singh,AD Russell,2,1,0,0,0,0,0,1,8,3
DJ Hooda,AB Dinda,3,0,2,0,0,0,1,0,5,3
AM Rahane,Mohammed Shami,15,3,5,1,0,5,1,0,5,2
C Munro,JJ Bumrah,3,2,1,0,0,0,0,0,3,5
DA Warner,Mohammed Shami,4,0,2,0,0,2,0,0,5,2
SK Raina,YK Pathan,4,2,1,0,0,1,0,0,4,9
F du Plessis,Harbhajan Singh,4,2,1,0,0,0,0,1,5,5
PSP Handscomb,Harbhajan Singh,5,1,3,0,0,0,0,1,9,5
F du Plessis,MM Sharma,9,1,6,0,0,1,0,1,5,2
M Vijay,Ankit Sharma,14,6,6,0,0,2,0,0,2,8
NM Coulter-Nile,AB Dinda,2,1,1,0,0,0,0,0,9,3
V Kohli,Shakib Al Hasan,11,2,8,0,0,1,0,0,4,9
AD Russell,A Ashish Reddy,3,2,1,0,0,0,0,0,1,3
KM Jadhav,B Kumar,6,0,4,1,0,1,0,0,2,3
A Ashish Reddy,UT Yadav,5,2,2,0,0,0,1,0,1,9
MA Agarwal,Harbhajan Singh,4,1,2,0,0,0,1,0,7,5
MK Pandey,M Ashwin,1,0,1,0,0,0,0,0,2,2
RA Jadeja,Iqbal Abdulla,5,2,2,0,0,0,1,0,7,5
SK Raina,AB Dinda,4,0,1,2,0,1,0,0,4,3
AM Rahane,B Kumar,10,8,0,0,0,0,0,2,5,3
Sachin Baby,RA Jadeja,1,1,0,0,0,0,0,0,4,2
MK Pandey,BB Sran,8,2,5,0,0,0,1,0,2,3
S Dhawan,HH Pandya,6,2,0,3,0,1,0,0,4,5
SA Yadav,TG Southee,3,1,1,0,0,0,0,1,4,9
Bipul Sharma,AB Dinda,2,1,0,1,0,0,0,0,1,3
DA Warner,MM Sharma,7,2,4,0,0,1,0,0,5,2
SR Watson,A Mishra,11,6,4,0,0,0,1,0,4,3
AJ Finch,BCJ Cutting,6,3,1,0,0,1,0,1,5,3
G Gambhir,BCJ Cutting,8,5,1,1,0,0,0,1,5,3
AT Rayudu,S Aravind,18,9,6,1,0,1,1,0,5,9
JO Holder,B Kumar,5,2,1,1,0,0,0,1,2,3
MS Dhoni,PV Tambe,1,0,1,0,0,0,0,0,2,2
DS Kulkarni,CJ Jordan,7,2,2,1,0,0,0,2,1,3
WP Saha,Yuvraj Singh,3,1,1,0,0,1,0,0,4,1
GJ Maxwell,JJ Bumrah,6,1,3,1,0,0,0,1,5,5
DA Miller,S Aravind,5,3,2,0,0,0,0,0,5,9
Yuvraj Singh,R Bhatia,8,4,3,0,0,0,1,0,4,2
N Rana,DJ Bravo,11,4,4,0,0,2,0,1,2,3
NLTC Perera,MM Sharma,8,2,4,0,0,1,0,1,2,2
BB McCullum,JA Morkel,8,2,0,2,0,3,1,0,5,5
YK Pathan,Iqbal Abdulla,5,3,1,1,0,0,0,0,4,5
CR Brathwaite,Mustafizur Rahman,3,2,0,0,0,0,0,1,1,2
F du Plessis,AD Russell,2,0,2,0,0,0,0,0,5,3
S Dhawan,CR Brathwaite,3,1,1,0,0,0,0,1,4,3
AD Nath,MJ McClenaghan,2,1,0,0,0,0,0,1,3,2
NLTC Perera,A Nehra,3,1,1,0,0,0,0,1,2,3
NV Ojha,DR Smith,2,0,1,0,0,0,1,0,7,3
KK Nair,BB Sran,19,7,5,0,0,5,2,0,2,3
Ishan Kishan,JP Duminy,2,1,1,0,0,0,0,0,3,5
AT Rayudu,P Sahu,7,1,5,0,0,1,0,0,5,2
M Vohra,I Sharma,7,3,0,1,0,3,0,0,2,5
AT Rayudu,R Bhatia,11,3,7,0,0,1,0,0,5,2
AD Russell,SR Watson,9,0,6,1,0,1,1,0,1,9
MS Dhoni,SR Watson,10,5,3,0,0,0,1,1,2,9
Harbhajan Singh,CH Morris,2,1,0,0,0,0,0,1,5,3
PA Patel,VR Aaron,5,3,1,0,0,1,0,0,7,4
AJ Finch,YS Chahal,10,5,5,0,0,0,0,0,5,9
KV Sharma,JO Holder,3,2,0,1,0,0,0,0,7,5
P Kumar,MM Sharma,7,3,1,1,0,1,0,1,7,2
RA Jadeja,R Bhatia,4,2,2,0,0,0,0,0,7,2
YK Pathan,DJ Bravo,17,8,8,0,0,1,0,0,4,3
KK Nair,NLTC Perera,8,6,2,0,0,0,0,0,2,2
JP Duminy,RA Jadeja,6,0,4,0,0,1,1,0,2,2
R Vinay Kumar,RP Singh,2,1,0,0,0,0,0,1,7,2
AM Rahane,SR Watson,13,4,5,1,0,2,0,1,5,9
KL Rahul,A Nehra,8,1,5,1,0,1,0,0,2,3
AB de Villiers,A Mishra,5,1,3,1,0,0,0,0,1,3
PA Patel,B Kumar,9,7,1,0,0,0,0,1,7,3
ER Dwivedi,YS Chahal,2,0,1,0,0,1,0,0,1,9
JC Buttler,DR Smith,11,4,5,1,0,1,0,0,2,3
S Dhawan,SK Raina,7,4,3,0,0,0,0,0,4,1
KH Pandya,DJ Bravo,7,2,2,2,0,1,0,0,1,3
KS Williamson,VR Aaron,12,5,3,0,1,3,0,0,7,4
AT Rayudu,KW Richardson,3,0,2,0,0,1,0,0,5,7
BCJ Cutting,S Kaushik,3,1,1,0,0,0,0,1,1,9
KP Pietersen,RA Jadeja,6,3,2,1,0,0,0,0,2,2
NV Ojha,MR Marsh,3,1,2,0,0,0,0,0,7,7
EJG Morgan,SP Narine,11,4,4,1,0,2,0,0,5,9
JO Holder,Mustafizur Rahman,7,4,0,1,0,1,0,1,2,2
Iqbal Abdulla,RA Jadeja,4,2,2,0,0,0,0,0,2,2
PA Patel,DS Kulkarni,8,5,2,0,0,0,1,0,7,3
Yuvraj Singh,YS Chahal,9,3,4,0,0,1,1,0,4,9
MJ McClenaghan,MM Sharma,2,1,0,0,0,1,0,0,2,2
SR Watson,MM Sharma,2,1,1,0,0,0,0,0,4,2
HH Pandya,DJ Bravo,3,2,1,0,0,0,0,0,3,3
HM Amla,R Ashwin,4,2,0,0,0,1,0,1,5,2
DJ Hooda,Anureet Singh,5,1,2,1,0,1,0,0,5,10
MK Pandey,J Suchith,8,1,2,3,0,1,1,0,2,6
Sandeep Sharma,Sachin Baby,2,0,2,0,0,0,0,0,9,1
SE Marsh,MC Henriques,7,2,4,0,0,1,0,0,4,2
UT Khawaja,A Nehra,6,2,1,0,0,2,0,1,4,3
HM Amla,Mustafizur Rahman,9,2,4,0,0,3,0,0,5,2
MK Pandey,MC Henriques,13,1,10,2,0,0,0,0,2,2
KA Pollard,KW Richardson,4,1,1,0,0,0,2,0,2,7
NLTC Perera,GJ Maxwell,4,2,2,0,0,0,0,0,2,6
MC Henriques,HH Pandya,2,1,1,0,0,0,0,0,7,5
BB McCullum,Z Khan,8,2,3,0,0,0,2,1,5,9
EJG Morgan,Harbhajan Singh,2,0,1,0,0,1,0,0,5,5
DA Miller,DJ Hooda,5,2,3,0,0,0,0,0,5,3
AB de Villiers,NLTC Perera,5,1,3,0,0,0,0,1,1,2
DJ Hooda,R Dhawan,2,1,1,0,0,0,0,0,5,2
MJ Guptill,P Kumar,2,1,1,0,0,0,0,0,7,2
JC Buttler,AR Patel,5,1,3,0,0,1,0,0,2,3
WP Saha,S Aravind,1,0,1,0,0,0,0,0,4,9
SPD Smith,A Nehra,12,8,2,0,0,2,0,0,4,3
PA Patel,KW Richardson,2,1,0,0,0,0,0,1,7,7
BB McCullum,MR Marsh,3,0,2,0,0,1,0,0,5,7
AJ Finch,V Kohli,4,0,3,0,0,0,1,0,5,1
SS Tiwary,SR Watson,11,8,2,0,0,1,0,0,4,9
DA Warner,R Dhawan,9,3,3,1,0,2,0,0,5,2
JP Duminy,SK Raina,6,2,3,0,0,1,0,0,2,1
SS Tiwary,MJ McClenaghan,8,5,3,0,0,0,0,0,4,2
SK Raina,UT Yadav,4,1,3,0,0,0,0,0,4,9
SR Watson,Mustafizur Rahman,6,3,0,1,0,0,0,2,4,2
KL Rahul,M Morkel,3,1,1,0,0,1,0,0,2,2
CR Brathwaite,SM Boland,4,2,0,0,0,0,1,1,1,9
RV Uthappa,HH Pandya,2,0,2,0,0,0,0,0,4,5
RG Sharma,SP Narine,13,5,6,0,0,2,0,0,4,9
R Ashwin,BB Sran,9,4,2,1,0,1,0,1,7,3
SR Watson,KC Cariappa,1,1,0,0,0,0,0,0,4,5
Gurkeerat Singh,CH Gayle,3,0,3,0,0,0,0,0,5,3
NM Coulter-Nile,GB Hogg,3,2,0,0,0,1,0,0,9,5
Q de Kock,HV Patel,9,2,4,1,0,1,1,0,4,8
G Gambhir,SR Watson,7,2,3,0,0,2,0,0,5,9
Sachin Baby,KA Pollard,4,1,0,0,0,1,2,0,4,6
SK Raina,S Nadeem,1,0,1,0,0,0,0,0,4,9
AB de Villiers,Sandeep Sharma,10,1,2,2,0,2,2,1,1,9
Yuvraj Singh,S Aravind,5,0,4,0,0,1,0,0,4,9
KK Nair,S Aravind,5,0,4,0,0,1,0,0,2,9
AB de Villiers,Mohammed Shami,2,1,0,0,0,0,1,0,1,2
KL Rahul,NLTC Perera,10,3,5,0,0,0,1,1,2,2
MS Dhoni,S Kaushik,3,1,2,0,0,0,0,0,2,9
Yuvraj Singh,R Sathish,2,0,1,0,0,1,0,0,4,2
S Dhawan,Shakib Al Hasan,6,1,1,1,0,2,1,0,4,9
SV Samson,S Kaushik,4,1,3,0,0,0,0,0,4,9
NV Ojha,P Kumar,5,2,1,1,0,1,0,0,7,2
AR Patel,J Yadav,9,4,4,0,0,0,0,1,5,5
AB de Villiers,AS Rajpoot,8,2,2,1,0,3,0,0,1,3
MK Pandey,JJ Bumrah,4,0,1,2,0,1,0,0,2,5
G Gambhir,KV Sharma,13,3,5,1,0,4,0,0,5,7
SE Marsh,A Mishra,2,1,0,0,0,0,0,1,4,3
HH Pandya,GB Hogg,1,1,0,0,0,0,0,0,3,5
SPD Smith,R Sathish,4,1,3,0,0,0,0,0,4,2
DR Smith,CH Morris,5,3,0,0,0,2,0,0,5,3
KH Pandya,JP Faulkner,5,1,2,0,0,2,0,0,1,8
SR Watson,KH Pandya,13,9,4,0,0,0,0,0,4,5
Q de Kock,DJ Hooda,4,1,3,0,0,0,0,0,4,3
DJ Bravo,Bipul Sharma,5,3,2,0,0,0,0,0,5,3
DJ Bravo,TA Boult,5,1,1,0,0,3,0,0,5,9
SPD Smith,TG Southee,5,1,1,0,0,3,0,0,4,9
Q de Kock,CH Gayle,6,2,3,1,0,0,0,0,4,3
Harbhajan Singh,DJ Bravo,10,4,3,1,0,1,0,1,5,3
G Gambhir,DS Kulkarni,4,1,1,1,0,1,0,0,5,3
EJG Morgan,SR Watson,5,1,2,1,0,1,0,0,5,9
RV Uthappa,Harbhajan Singh,6,2,2,0,0,0,1,1,4,5
Iqbal Abdulla,DJ Bravo,10,3,4,0,0,3,0,0,2,3
CH Gayle,A Nehra,2,1,1,0,0,0,0,0,5,3
B Kumar,NLTC Perera,5,1,0,1,0,2,0,1,1,2
V Kohli,MP Stoinis,5,2,2,1,0,0,0,0,4,2
Gurkeerat Singh,TG Southee,3,1,1,0,0,1,0,0,5,9
G Gambhir,CR Brathwaite,9,6,2,0,0,1,0,0,5,3
RG Sharma,R Ashwin,10,3,5,1,0,1,0,0,4,2
DA Warner,SP Narine,10,4,2,0,0,2,1,1,5,9
SS Tiwary,TG Southee,8,3,4,1,0,0,0,0,4,9
KH Pandya,R Sathish,3,1,1,0,0,1,0,0,1,2
EJG Morgan,NM Coulter-Nile,4,1,0,1,0,0,1,1,5,2
S Dhawan,AR Patel,3,2,1,0,0,0,0,0,4,3
R Dhawan,NLTC Perera,4,0,1,2,0,0,1,0,6,2
AM Rahane,AD Russell,13,7,4,0,0,1,0,1,5,3
AT Rayudu,HV Patel,4,1,1,0,0,2,0,0,5,8
SPD Smith,AR Patel,5,1,2,1,0,1,0,0,4,3
KS Williamson,R Bhatia,7,2,3,1,0,1,0,0,7,2
GJ Bailey,MC Henriques,12,4,6,0,0,1,0,1,3,2
SN Khan,HH Pandya,1,0,1,0,0,0,0,0,6,5
WP Saha,P Kumar,6,2,4,0,0,0,0,0,4,2
JP Duminy,Mustafizur Rahman,3,0,2,1,0,0,0,0,2,2
KD Karthik,Mustafizur Rahman,4,3,0,0,0,0,0,1,2,2
SS Iyer,TG Southee,7,5,2,0,0,0,0,0,9,9
RV Uthappa,Mohammed Shami,10,2,7,0,0,1,0,0,4,2
NV Ojha,M Morkel,7,2,2,1,0,0,1,1,7,2
SPD Smith,SP Narine,7,2,3,1,0,1,0,0,4,9
BB McCullum,RP Singh,7,2,2,0,0,1,2,0,5,2
MS Dhoni,M Morkel,6,1,1,1,0,2,1,0,2,2
SV Samson,S Aravind,2,0,2,0,0,0,0,0,4,9
SE Marsh,Mustafizur Rahman,4,3,0,0,0,0,0,1,4,2
ER Dwivedi,CJ Jordan,4,2,2,0,0,0,0,0,1,3
JA Morkel,UT Yadav,4,2,1,0,0,0,0,1,1,9
GJ Bailey,AD Russell,2,2,0,0,0,0,0,0,3,3
RG Sharma,Sandeep Sharma,11,6,3,0,0,1,0,1,4,9
NV Ojha,C Munro,3,1,2,0,0,0,0,0,7,10
G Gambhir,T Shamsi,4,0,2,0,0,1,1,0,5,9
SR Watson,JJ Bumrah,5,2,0,0,0,0,1,2,4,5
KH Pandya,S Nadeem,6,1,2,1,0,1,1,0,1,9
RA Jadeja,JO Holder,1,0,1,0,0,0,0,0,7,5
RG Sharma,P Negi,5,0,1,1,0,3,0,0,4,4
V Kohli,M Ashwin,4,0,3,1,0,0,0,0,4,2
M Vohra,A Mishra,4,2,1,0,0,0,0,1,2,3
AD Nath,VR Aaron,1,0,1,0,0,0,0,0,3,4
DA Warner,Kuldeep Yadav,5,2,2,0,0,0,0,1,5,7
CH Morris,JP Faulkner,4,1,1,0,0,0,2,0,1,8
KH Pandya,AR Patel,4,1,2,0,0,0,1,0,1,3
